index,ID,JOJ Approved,MOM Approved,Site Status,Name,Original Name,Author,Author URL,Mod URL,Style,Categories,Clothing,Light,Heavy,Gender,Themes,Modular,Multi-colored,Armor Tier,Body & Physics Support (JSON),Image URL,Thumbnail URL,Category Audit Note,Content
256,259,TRUE,TRUE,INCLUDE,2B Officer Uniform,Obi's 2B Officer Uniform 2K 3BA BHUNP,Obicnii,https://www.nexusmods.com/skyrimspecialedition/users/59154696,https://www.nexusmods.com/skyrimspecialedition/mods/96079,Modern,Cloth,TRUE,FALSE,FALSE,Female,Military,FALSE,FALSE,Cloth / Linen,"{""SMP"":"""",""3BA"":""PREBUILT"",""HIMBO"":""N/A"",""OSL / B.O.O.B.I.E.S"":"""",""Other arousal"":""https://www.nexusmods.com/skyrimspecialedition/mods/102965"",""VSU"":"""",""Heels"":""""}",https://staticdelivery.nexusmods.com/mods/1704/images/96079/96079-1689673947-562549240.png,https://staticdelivery.nexusmods.com/mods/1704/images/96079/96079-1689673947-562549240.png,Existing category tag; verify against description if additional armor types are available.,NSFW
73,74,TRUE,TRUE,INCLUDE,2B Wedding Outfit,COCO 2B Wedding Outfit - CBBE-TBD-UUNP SE,Daymarr,https://www.nexusmods.com/skyrimspecialedition/users/8194845,https://www.nexusmods.com/skyrimspecialedition/mods/26419,Modern,Lingerie,FALSE,FALSE,FALSE,Female,Romantic; Civilian,FALSE,FALSE,Cloth / Linen,"{""SMP"":"""",""3BA"":""PREBUILT"",""HIMBO"":""N/A"",""OSL / B.O.O.B.I.E.S"":""https://www.nexusmods.com/skyrimspecialedition/mods/106672"",""Other arousal"":"""",""VSU"":"""",""Heels"":""https://www.nexusmods.com/skyrimspecialedition/mods/144402""}",https://staticdelivery.nexusmods.com/mods/1704/images/26419/26419-1713885452-171848237.jpeg,https://staticdelivery.nexusmods.com/mods/1704/images/26419/26419-1713885452-171848237.jpeg,"Description audit required: no Clothing, Light, or Heavy tag currently present.",NSFW
140,142,TRUE,TRUE,INCLUDE,Abyss,Abyss 3BA,Ellxe,https://www.nexusmods.com/skyrimspecialedition/users/31116590,https://www.nexusmods.com/skyrimspecialedition/mods/104241,Grounded,Light,FALSE,TRUE,FALSE,Female,Royal,FALSE,FALSE,L5 - Leather,"{""SMP"":"""",""3BA"":"""",""HIMBO"":"""",""OSL / B.O.O.B.I.E.S"":"""",""Other arousal"":"""",""VSU"":"""",""Heels"":""""}",https://staticdelivery.nexusmods.com/mods/1704/images/104241/104241-1765588535-1719990339.jpg,https://images.nexusmods.com/mod-images/1704/t/large/10/104241/104241-1765588535-1719990339.jpg,Existing category tag; verify against description if additional armor types are available.,NSFW
326,329,TRUE,TRUE,INCLUDE,Accessories - Magic Creatures,Shino - Accessories - Magic Creatures,shinoboru,https://www.nexusmods.com/skyrimspecialedition/users/3706095,https://www.nexusmods.com/skyrimspecialedition/mods/124243,Fantastical,Accessories,FALSE,FALSE,FALSE,Female,Nature,FALSE,TRUE,Unassigned,"{""SMP"":"""",""3BA"":""N/A"",""HIMBO"":""N/A"",""OSL / B.O.O.B.I.E.S"":"""",""Other arousal"":"""",""VSU"":"""",""Heels"":""""}",https://staticdelivery.nexusmods.com/mods/1704/images/124243/124243-1725150520-945086966.jpeg,https://images.nexusmods.com/mod-images/1704/t/large/12/124243/124243-1725150520-945086966.jpeg,"Description audit required: no Clothing, Light, or Heavy tag currently present.",Standard
195,197,TRUE,TRUE,INCLUDE,Adventurer,Adventurer HDT-SMP Armor,Fuse00,https://www.nexusmods.com/skyrimspecialedition/users/6052912,https://www.nexusmods.com/skyrimspecialedition/mods/91741,Grounded,Light,FALSE,TRUE,FALSE,Male; Female,Military; Nature,TRUE,FALSE,L2 - Fur,"{""SMP"":"""",""3BA"":""https://www.nexusmods.com/skyrimspecialedition/mods/97841"",""HIMBO"":""https://www.nexusmods.com/skyrimspecialedition/mods/91783"",""OSL / B.O.O.B.I.E.S"":"""",""Other arousal"":"""",""VSU"":"""",""Heels"":""""}",https://staticdelivery.nexusmods.com/mods/1704/images/91741/91741-1684566086-962348152.jpeg,https://staticdelivery.nexusmods.com/mods/1704/images/91741/91741-1684566086-962348152.jpeg,Existing category tag; verify against description if additional armor types are available.,Standard
199,201,TRUE,TRUE,INCLUDE,Adventurer's Tunic,Adventurer's Tunic,ghouls0rules,https://www.nexusmods.com/skyrimspecialedition/users/1537468,https://www.nexusmods.com/skyrimspecialedition/mods/131889,Grounded,Cloth,TRUE,FALSE,FALSE,Male; Female,Civilian; Nature,FALSE,FALSE,Unassigned,"{""SMP"":"""",""3BA"":"""",""HIMBO"":"""",""OSL / B.O.O.B.I.E.S"":"""",""Other arousal"":"""",""VSU"":"""",""Heels"":""""}",https://staticdelivery.nexusmods.com/mods/1704/images/131889/131889-1729711275-1190264893.png,https://images.nexusmods.com/mod-images/1704/t/large/13/131889/131889-1729711275-1190264893.png,Existing category tag; verify against description if additional armor types are available.,Standard
297,300,TRUE,TRUE,INCLUDE,Aegis Anuad,Aegis Anuad,Pulcharmsolis,https://www.nexusmods.com/skyrimspecialedition/users/122433248,https://www.nexusmods.com/skyrimspecialedition/mods/95089,Grounded,Cloth; Light; Heavy,TRUE,TRUE,TRUE,Male; Female,Military,FALSE,FALSE,Unassigned,"{""SMP"":"""",""3BA"":""N/A"",""HIMBO"":""https://www.nexusmods.com/skyrimspecialedition/mods/125855"",""OSL / B.O.O.B.I.E.S"":"""",""Other arousal"":"""",""VSU"":"""",""Heels"":""""}",https://staticdelivery.nexusmods.com/mods/1704/images/95089/95089-1692813848-1898189616.jpeg,https://images.nexusmods.com/mod-images/1704/t/large/95/95089/95089-1692813848-1898189616.jpeg,Existing category tag; verify against description if additional armor types are available.,Standard
47,47,TRUE,TRUE,INCLUDE,Aegyptus,Aegyptus,contentcat,https://www.nexusmods.com/skyrimspecialedition/users/69093453,https://www.nexusmods.com/skyrimspecialedition/mods/165651,Fantastical,Lingerie,FALSE,FALSE,FALSE,Female,Royal,FALSE,FALSE,Unassigned,"{""SMP"":"""",""3BA"":"""",""HIMBO"":"""",""OSL / B.O.O.B.I.E.S"":"""",""Other arousal"":"""",""VSU"":"""",""Heels"":""""}",https://staticdelivery.nexusmods.com/mods/1704/images/165651/165651-1764324991-1781265883.png,https://images.nexusmods.com/mod-images/1704/t/large/16/165651/165651-1764324991-1781265883.png,"Description audit required: no Clothing, Light, or Heavy tag currently present.",NSFW
26,26,TRUE,TRUE,INCLUDE,Ahlanna Armor,Ashtoreth Ahlanna Armor,AshtorethH,https://www.nexusmods.com/skyrimspecialedition/users/108345998,https://www.nexusmods.com/skyrimspecialedition/mods/98287,Grounded,Light,FALSE,TRUE,FALSE,Female,Thieves Guild; Dark Brotherhood,FALSE,TRUE,L9 - Elven Gilded,"{""SMP"":"""",""3BA"":""PREBUILT"",""HIMBO"":""N/A"",""OSL / B.O.O.B.I.E.S"":"""",""Other arousal"":"""",""VSU"":"""",""Heels"":""""}",https://staticdelivery.nexusmods.com/mods/1704/images/98287/98287-1691983363-1048374134.png,https://staticdelivery.nexusmods.com/mods/1704/images/98287/98287-1691983363-1048374134.png,Existing category tag; verify against description if additional armor types are available.,NSFW
12,12,TRUE,TRUE,INCLUDE,Ancient Bone Armor,Ancient Bone Armor,AokiliMods,https://www.nexusmods.com/skyrimspecialedition/users/4747368,https://www.nexusmods.com/skyrimspecialedition/mods/119440,Fantastical,Light,FALSE,TRUE,FALSE,Female,Forsworn,FALSE,FALSE,H6 - Ebony,"{""SMP"":"""",""3BA"":""PREBUILT"",""HIMBO"":""N/A"",""OSL / B.O.O.B.I.E.S"":"""",""Other arousal"":"""",""VSU"":"""",""Heels"":""""}",https://staticdelivery.nexusmods.com/mods/1704/images/119440/119440-1715710534-522415183.jpeg,https://staticdelivery.nexusmods.com/mods/1704/images/119440/119440-1715710534-522415183.jpeg,Existing category tag; verify against description if additional armor types are available.,NSFW
141,143,TRUE,TRUE,INCLUDE,Apothecary,Apothecary - 3BA,Ellxe,https://www.nexusmods.com/skyrimspecialedition/users/31116590,https://www.nexusmods.com/skyrimspecialedition/mods/141507,Grounded,Light,FALSE,TRUE,FALSE,Female,Arcane; Occult,TRUE,TRUE,L7 - Elven,"{""SMP"":"""",""3BA"":"""",""HIMBO"":"""",""OSL / B.O.O.B.I.E.S"":"""",""Other arousal"":"""",""VSU"":"""",""Heels"":""""}",https://staticdelivery.nexusmods.com/mods/1704/images/141507/141507-1765588799-103829765.jpg,https://images.nexusmods.com/mod-images/1704/t/large/14/141507/141507-1765588799-103829765.jpg,Existing category tag; verify against description if additional armor types are available.,NSFW
235,237,TRUE,TRUE,INCLUDE,Aradia Living Armor,Aradia Living Armor,JennyPennyJelapeni,https://www.nexusmods.com/skyrimspecialedition/users/71189578,https://www.nexusmods.com/skyrimspecialedition/mods/37171,Fantastical,Lingerie,FALSE,FALSE,FALSE,Female,Nature,FALSE,FALSE,Cloth / Linen,"{""SMP"":"""",""3BA"":""PREBUILT"",""HIMBO"":""N/A"",""OSL / B.O.O.B.I.E.S"":"""",""Other arousal"":"""",""VSU"":"""",""Heels"":""""}",https://staticdelivery.nexusmods.com/mods/1704/images/37171/37171-1591883302-689327566.png,https://images.nexusmods.com/mod-images/1704/t/large/37/37171/37171-1591883302-689327566.png,"Description audit required: no Clothing, Light, or Heavy tag currently present.",NSFW
38,38,TRUE,TRUE,INCLUDE,Armor of Clavicus Vile,Armor of Clavicus Vile (HDT-SMP),ChakraSSE,https://www.nexusmods.com/skyrimspecialedition/users/104680583,https://www.nexusmods.com/skyrimspecialedition/mods/145584,Grounded,Heavy,FALSE,FALSE,TRUE,Male,Daedra; Military,FALSE,FALSE,H7 - Dragon Plate,"{""SMP"":"""",""3BA"":""N/A"",""HIMBO"":""https://www.nexusmods.com/skyrimspecialedition/mods/145611"",""OSL / B.O.O.B.I.E.S"":"""",""Other arousal"":"""",""VSU"":"""",""Heels"":""""}",https://staticdelivery.nexusmods.com/mods/1704/images/145584/145584-1742769588-2143608128.png,https://images.nexusmods.com/mod-images/1704/t/large/14/145584/145584-1742769588-2143608128.png,Existing category tag; verify against description if additional armor types are available.,Standard
39,39,TRUE,TRUE,INCLUDE,Armor of Mehrunes Dagon,Armor of Mehrunes Dagon,ChakraSSE,https://www.nexusmods.com/skyrimspecialedition/users/104680583,https://www.nexusmods.com/skyrimspecialedition/mods/113809,Grounded,Heavy,FALSE,FALSE,TRUE,Male; Female,Daedra; Military,FALSE,FALSE,H7 - Dragon Plate,"{""SMP"":"""",""3BA"":""https://www.nexusmods.com/skyrimspecialedition/mods/114186"",""HIMBO"":""https://www.nexusmods.com/skyrimspecialedition/mods/126314"",""OSL / B.O.O.B.I.E.S"":"""",""Other arousal"":"""",""VSU"":"""",""Heels"":""""}",https://staticdelivery.nexusmods.com/mods/1704/images/113809/113809-1729987386-527556680.png,https://images.nexusmods.com/mod-images/1704/t/large/11/113809/113809-1729987386-527556680.png,Existing category tag; verify against description if additional armor types are available.,Standard
40,40,TRUE,TRUE,INCLUDE,Armor of Nocturnal,Armor of Nocturnal,ChakraSSE,https://www.nexusmods.com/skyrimspecialedition/users/104680583,https://www.nexusmods.com/skyrimspecialedition/mods/129809,Grounded,Light,FALSE,TRUE,FALSE,Male,Daedra; Military,FALSE,FALSE,L10 - Glass,"{""SMP"":"""",""3BA"":""N/A"",""HIMBO"":""https://www.nexusmods.com/skyrimspecialedition/mods/135092"",""OSL / B.O.O.B.I.E.S"":"""",""Other arousal"":"""",""VSU"":"""",""Heels"":""""}",https://staticdelivery.nexusmods.com/mods/1704/images/129809/129809-1729987532-1912115267.png,https://images.nexusmods.com/mod-images/1704/t/large/12/129809/129809-1729987532-1912115267.png,Existing category tag; verify against description if additional armor types are available.,Standard
301,304,TRUE,TRUE,INCLUDE,Armor of Titus Mede I,Titus Mede I - My version SE-AE - 2K,Pulcharmsolis,https://www.nexusmods.com/skyrimspecialedition/users/122433248,https://www.nexusmods.com/skyrimspecialedition/mods/69940,Grounded,Light,FALSE,TRUE,FALSE,Male,Imperial; Military; Royal,FALSE,FALSE,H7 - Stalhrim,"{""SMP"":"""",""3BA"":""N/A"",""HIMBO"":""https://www.nexusmods.com/skyrimspecialedition/mods/63749?tab=files"",""OSL / B.O.O.B.I.E.S"":"""",""Other arousal"":"""",""VSU"":"""",""Heels"":""""}",https://staticdelivery.nexusmods.com/mods/1704/images/63376/63376-1644857302-1575723551.png,https://images.nexusmods.com/mod-images/1704/t/large/63/63376/63376-1644857302-1575723551.png,Existing category tag; verify against description if additional armor types are available.,NSFW
298,301,TRUE,TRUE,INCLUDE,Armors of the Velothi Pt. I,Armors of the Velothi Pt. I,Pulcharmsolis,https://www.nexusmods.com/skyrimspecialedition/users/122433248,https://www.nexusmods.com/skyrimspecialedition/mods/62752,Grounded,Cloth; Light; Heavy,TRUE,TRUE,TRUE,Male; Female,Military,FALSE,FALSE,Unassigned,"{""SMP"":"""",""3BA"":""https://www.nexusmods.com/Core/Libs/Common/Widgets/DownloadPopUp?id=562606&game_id=1704"",""HIMBO"":""https://www.nexusmods.com/Core/Libs/Common/Widgets/DownloadPopUp?id=559938&game_id=1704"",""OSL / B.O.O.B.I.E.S"":"""",""Other arousal"":"""",""VSU"":"""",""Heels"":""""}",https://staticdelivery.nexusmods.com/mods/1704/images/62752/62752-1643477064-1067913198.png,https://images.nexusmods.com/mod-images/1704/t/large/62/62752/62752-1643477064-1067913198.png,Existing category tag; verify against description if additional armor types are available.,Standard
203,205,TRUE,TRUE,INCLUDE,Asura's Guard,Asura's Guard,goampuja,https://www.nexusmods.com/skyrimspecialedition/users/52114451,https://www.nexusmods.com/skyrimspecialedition/mods/86891,Grounded,Heavy,FALSE,FALSE,TRUE,Female,Military; Divine,FALSE,FALSE,H6 - Ebony,"{""SMP"":"""",""3BA"":""PREBUILT"",""HIMBO"":""N/A"",""OSL / B.O.O.B.I.E.S"":"""",""Other arousal"":"""",""VSU"":"""",""Heels"":""""}",https://staticdelivery.nexusmods.com/mods/1704/images/86891/86891-1678740669-2037145273.jpeg,https://staticdelivery.nexusmods.com/mods/1704/images/86891/86891-1678740669-2037145273.jpeg,Existing category tag; verify against description if additional armor types are available.,Standard
227,229,TRUE,TRUE,INCLUDE,Ayleid Piercings,Ayleid Piercings - CBBE 3BA - HIMBO - SoS,Imperial2000,https://www.nexusmods.com/skyrimspecialedition/users/7993973,https://www.nexusmods.com/skyrimspecialedition/mods/76204,Grounded,Accessories,FALSE,FALSE,FALSE,Female,Arcane,FALSE,FALSE,Unassigned,"{""SMP"":"""",""3BA"":""PREBUILT"",""HIMBO"":""PREBUILT"",""OSL / B.O.O.B.I.E.S"":"""",""Other arousal"":"""",""VSU"":"""",""Heels"":""""}",https://staticdelivery.nexusmods.com/mods/1704/images/76204/76204-1664321487-1470355357.png,https://images.nexusmods.com/mod-images/1704/t/large/76/76204/76204-1664321487-1470355357.png,"Description audit required: no Clothing, Light, or Heavy tag currently present.",NSFW
13,13,TRUE,TRUE,INCLUDE,Azure Knight Armor,Azure Knight Armor,AokiliMods,https://www.nexusmods.com/skyrimspecialedition/users/4747368,https://www.nexusmods.com/skyrimspecialedition/mods/148026,Fantastical,Light; Heavy,FALSE,FALSE,TRUE,Female,Military; Daedra,TRUE,FALSE,Unassigned,"{""SMP"":"""",""3BA"":"""",""HIMBO"":"""",""OSL / B.O.O.B.I.E.S"":"""",""Other arousal"":"""",""VSU"":"""",""Heels"":""""}",https://staticdelivery.nexusmods.com/mods/1704/images/148026/148026-1747411267-490646403.jpeg,https://staticdelivery.nexusmods.com/mods/1704/images/148026/148026-1747411267-490646403.jpeg,Existing category tag; verify against description if additional armor types are available.,NSFW
302,305,TRUE,TRUE,INCLUDE,Balfieran Knight Set,Balfieran Knight Set,Pulcharmsolis,https://www.nexusmods.com/skyrimspecialedition/users/122433248,https://www.nexusmods.com/skyrimspecialedition/mods/110420,Grounded,Heavy,FALSE,FALSE,TRUE,Male; Female,Military,FALSE,FALSE,H5 - Steel Plate,"{""SMP"":"""",""3BA"":""N/A"",""HIMBO"":""https://www.nexusmods.com/skyrimspecialedition/mods/126184"",""OSL / B.O.O.B.I.E.S"":"""",""Other arousal"":"""",""VSU"":"""",""Heels"":""""}",https://staticdelivery.nexusmods.com/mods/1704/images/110420/110420-1708083272-1518538824.jpeg,https://images.nexusmods.com/mod-images/1704/t/large/11/110420/110420-1708083272-1518538824.jpeg,Existing category tag; verify against description if additional armor types are available.,Standard
74,75,TRUE,TRUE,INCLUDE,Battle Angels,COCO Battle Angels,Daymarr,https://www.nexusmods.com/skyrimspecialedition/users/8194845,https://www.nexusmods.com/skyrimspecialedition/mods/64787,Fantastical,Cloth; Heavy,TRUE,FALSE,TRUE,Female,Military,TRUE,TRUE,H6 - Ebony,"{""SMP"":"""",""3BA"":""PREBUILT"",""HIMBO"":""N/A"",""OSL / B.O.O.B.I.E.S"":"""",""Other arousal"":"""",""VSU"":"""",""Heels"":""""}",https://staticdelivery.nexusmods.com/mods/1704/images/64787/64787-1647031736-1425185904.png,https://images.nexusmods.com/mod-images/1704/t/large/64/64787/64787-1647031736-1425185904.png,Existing category tag; verify against description if additional armor types are available.,NSFW
6,6,FALSE,TRUE,INCLUDE,BD's Armor & Clothes Rep.,BD's Armor and Clothes Replacer,Acro748,https://www.nexusmods.com/skyrimspecialedition/users/14635849,https://www.nexusmods.com/skyrimspecialedition/mods/32518,Fantastical,Cloth; Light; Heavy,TRUE,TRUE,TRUE,Female,Military; Civilian,FALSE,FALSE,Unassigned,"{""SMP"":"""",""3BA"":"""",""HIMBO"":"""",""OSL / B.O.O.B.I.E.S"":"""",""Other arousal"":"""",""VSU"":"""",""Heels"":""""}",https://staticdelivery.nexusmods.com/mods/1704/images/32518/32518-1581258123-1013520759.jpeg,https://images.nexusmods.com/mod-images/1704/t/large/32/32518/32518-1581258123-1013520759.jpeg,Existing category tag; verify against description if additional armor types are available.,NSFW
41,41,TRUE,TRUE,INCLUDE,Berserker Armor,Berserker Armor (CBBE HDT-SMP),ChakraSSE,https://www.nexusmods.com/skyrimspecialedition/users/104680583,https://www.nexusmods.com/skyrimspecialedition/mods/146035,Grounded,Heavy,FALSE,TRUE,FALSE,Male,Forsworn; Military,FALSE,FALSE,L5 - Leather,"{""SMP"":"""",""3BA"":""N/A"",""HIMBO"":""https://www.nexusmods.com/skyrimspecialedition/mods/147629"",""OSL / B.O.O.B.I.E.S"":"""",""Other arousal"":"""",""VSU"":"""",""Heels"":""""}",https://staticdelivery.nexusmods.com/mods/1704/images/146035/146035-1743148299-1737730446.png,https://images.nexusmods.com/mod-images/1704/t/large/14/146035/146035-1743148299-1737730446.png,Existing category tag; verify against description if additional armor types are available.,Standard
142,144,TRUE,TRUE,INCLUDE,Bifrost,Bifrost 3BA,Ellxe,https://www.nexusmods.com/skyrimspecialedition/users/31116590,https://www.nexusmods.com/skyrimspecialedition/mods/88152,Fantastical,Heavy,FALSE,FALSE,TRUE,Female,Civilian,TRUE,TRUE,H7 - Stalhrim,"{""SMP"":"""",""3BA"":"""",""HIMBO"":"""",""OSL / B.O.O.B.I.E.S"":"""",""Other arousal"":"""",""VSU"":"""",""Heels"":""""}",https://staticdelivery.nexusmods.com/mods/1704/images/88152/88152-1765013612-335468413.png,https://images.nexusmods.com/mod-images/1704/t/large/88/88152/88152-1765013612-335468413.png,Existing category tag; verify against description if additional armor types are available.,NSFW
143,145,TRUE,TRUE,INCLUDE,Bio Spike,[ELLE] Bio Spike,Ellxe,https://www.nexusmods.com/skyrimspecialedition/users/31116590,https://www.nexusmods.com/skyrimspecialedition/mods/132260,Fantastical,Heavy,FALSE,FALSE,TRUE,Female,Daedric,FALSE,TRUE,"H6 - Ebony, H8 - Daedric","{""SMP"":"""",""3BA"":"""",""HIMBO"":"""",""OSL / B.O.O.B.I.E.S"":"""",""Other arousal"":"""",""VSU"":"""",""Heels"":""""}",https://staticdelivery.nexusmods.com/mods/1704/images/132260/132260-1765589190-1830895989.jpg,https://images.nexusmods.com/mod-images/1704/t/large/13/132260/132260-1765589190-1830895989.jpg,Existing category tag; verify against description if additional armor types are available.,NSFW
5,5,TRUE,TRUE,INCLUDE,Black Mage Armor,Black Mage Armor,lRekol,https://www.nexusmods.com/skyrimspecialedition/users/1817573,https://www.nexusmods.com/skyrimspecialedition/mods/356,Grounded,Cloth; Light; Heavy,TRUE,FALSE,FALSE,Male; Female,Arcane; Military,FALSE,FALSE,Unassigned,"{""SMP"":"""",""3BA"":"""",""HIMBO"":"""",""OSL / B.O.O.B.I.E.S"":"""",""Other arousal"":"""",""VSU"":"""",""Heels"":""""}",https://staticdelivery.nexusmods.com/mods/1704/images/356/356-1546310104-1265722365.png,https://images.nexusmods.com/mod-images/1704/t/large/35/356/356-1546310104-1265722365.png,Existing category tag; verify against description if additional armor types are available.,Standard
345,348,TRUE,TRUE,INCLUDE,Black Widow,[contentcat] Black Widow,contentcat,,https://www.nexusmods.com/skyrimspecialedition/mods/170827,Fantastical,Lingerie,FALSE,FALSE,FALSE,Female,Military; Lingerie,FALSE,FALSE,Unassigned,"{""SMP"":"""",""3BA"":"""",""HIMBO"":"""",""OSL / B.O.O.B.I.E.S"":"""",""Other arousal"":"""",""VSU"":"""",""Heels"":""""}",https://staticdelivery.nexusmods.com/mods/1704/images/170827/170827-1769866312-1276117968.png,https://staticdelivery.nexusmods.com/mods/1704/images/170827/170827-1769866312-1276117968.png,"Description audit required: no Clothing, Light, or Heavy tag currently present.",NSFW
43,43,TRUE,TRUE,INCLUDE,Blacksted Armors Mashup,Blacksted Armors Mashup (B.A.M.),ChappyPopo,https://www.nexusmods.com/skyrimspecialedition/users/14495414,https://www.nexusmods.com/skyrimspecialedition/mods/151200,Grounded,Light; Heavy,FALSE,TRUE,TRUE,Male; Female,Military; Occult,TRUE,TRUE,Unassigned,"{""SMP"":"""",""3BA"":"""",""HIMBO"":"""",""OSL / B.O.O.B.I.E.S"":"""",""Other arousal"":"""",""VSU"":"""",""Heels"":""""}",https://staticdelivery.nexusmods.com/mods/1704/images/thumbnails/151200/151200-1760983552-966453382.jpg,https://staticdelivery.nexusmods.com/mods/1704/images/thumbnails/151200/151200-1760983552-966453382.jpg,Existing category tag; verify against description if additional armor types are available.,NSFW
204,206,TRUE,TRUE,INCLUDE,Bladedancer's Edge,Bladedancer's Edge,goampuja,https://www.nexusmods.com/skyrimspecialedition/users/52114451,https://www.nexusmods.com/skyrimspecialedition/mods/62751,Grounded,Heavy,FALSE,FALSE,TRUE,Female,Military,TRUE,FALSE,H5 - Steel Plate,"{""SMP"":"""",""3BA"":""PREBUILT"",""HIMBO"":""N/A"",""OSL / B.O.O.B.I.E.S"":"""",""Other arousal"":"""",""VSU"":"""",""Heels"":""""}",https://staticdelivery.nexusmods.com/mods/1704/images/62751/62751-1643542828-311672525.jpeg,https://staticdelivery.nexusmods.com/mods/1704/images/62751/62751-1643542828-311672525.jpeg,Existing category tag; verify against description if additional armor types are available.,Standard
64,65,TRUE,TRUE,INCLUDE,Blood Oath,Blood Oath,DarkDukla,https://www.nexusmods.com/skyrimspecialedition/users/18292594,https://www.nexusmods.com/skyrimspecialedition/mods/121675,Grounded,Cloth,TRUE,FALSE,FALSE,Female,Civilian,FALSE,FALSE,Cloth / Linen,"{""SMP"":"""",""3BA"":""PREBUILT"",""HIMBO"":""N/A"",""OSL / B.O.O.B.I.E.S"":"""",""Other arousal"":"""",""VSU"":"""",""Heels"":""""}",https://staticdelivery.nexusmods.com/mods/1704/images/121675/121675-1718133501-352944047.png,https://images.nexusmods.com/mod-images/1704/t/large/12/121675/121675-1718133501-352944047.png,Existing category tag; verify against description if additional armor types are available.,Standard
228,230,TRUE,TRUE,INCLUDE,Bodysuit,J3 Bodysuit 3BA,J0suk3,https://www.nexusmods.com/skyrimspecialedition/users/85241943,https://www.nexusmods.com/skyrimspecialedition/mods/120165,Modern,Cloth,TRUE,FALSE,FALSE,Female,Lingerie,FALSE,FALSE,Cloth / Linen,"{""SMP"":"""",""3BA"":""PREBUILT"",""HIMBO"":""N/A"",""OSL / B.O.O.B.I.E.S"":"""",""Other arousal"":"""",""VSU"":""https://www.nexusmods.com/skyrimspecialedition/mods/120227"",""Heels"":""""}",https://staticdelivery.nexusmods.com/mods/1704/images/120165/120165-1716580408-1162812009.png,https://images.nexusmods.com/mod-images/1704/t/large/12/120165/120165-1716580408-1162812009.png,Existing category tag; verify against description if additional armor types are available.,NSFW
257,260,TRUE,TRUE,INCLUDE,Obi's Bodysuit,Obi's Bodysuit 3BA BHUNP 2K,Obicnii,https://www.nexusmods.com/skyrimspecialedition/users/59154696,https://www.nexusmods.com/skyrimspecialedition/mods/97553,Modern,Lingerie; Cloth,TRUE,FALSE,FALSE,Female,Daedra; Volkihar Vampire Clan,FALSE,FALSE,Cloth / Linen,"{""SMP"":"""",""3BA"":""PREBUILT"",""HIMBO"":""N/A"",""OSL / B.O.O.B.I.E.S"":"""",""Other arousal"":""https://www.nexusmods.com/skyrimspecialedition/mods/102965"",""VSU"":"""",""Heels"":""""}",https://staticdelivery.nexusmods.com/mods/1704/images/97553/97553-1691111354-317059744.jpeg,https://staticdelivery.nexusmods.com/mods/1704/images/97553/97553-1691111354-317059744.jpeg,Existing category tag; verify against description if additional armor types are available.,NSFW
224,226,TRUE,TRUE,INCLUDE,Bone Breaker Heavy Armour,Bone Breaker Heavy Armour HIMBO SMP,hyruledm,https://www.nexusmods.com/skyrimspecialedition/users/94893323,https://www.nexusmods.com/skyrimspecialedition/mods/143978,Grounded,Heavy,FALSE,FALSE,TRUE,Male,Forsworn; Military,TRUE,FALSE,H5 - Orcish,"{""SMP"":"""",""3BA"":""N/A"",""HIMBO"":""N/A"",""OSL / B.O.O.B.I.E.S"":"""",""Other arousal"":"""",""VSU"":"""",""Heels"":""""}",https://staticdelivery.nexusmods.com/mods/1704/images/143978/143978-1741457590-1970564046.jpeg,https://images.nexusmods.com/mod-images/1704/t/large/14/143978/143978-1741457590-1970564046.jpeg,Existing category tag; verify against description if additional armor types are available.,Standard
187,189,TRUE,TRUE,INCLUDE,Bone Cultist Armor,Bone Cultist Armor,furexarot,https://www.nexusmods.com/skyrimspecialedition/users/120770913,https://www.nexusmods.com/skyrimspecialedition/mods/111224,Grounded,Heavy,FALSE,TRUE,FALSE,Male; Female,Occult; Military,TRUE,FALSE,L6 - Chitin,"{""SMP"":"""",""3BA"":""PREBUILT"",""HIMBO"":""PREBUILT"",""OSL / B.O.O.B.I.E.S"":"""",""Other arousal"":"""",""VSU"":"""",""Heels"":""""}",https://staticdelivery.nexusmods.com/mods/1704/images/111224/111224-1707428193-1201150354.jpeg,https://images.nexusmods.com/mod-images/1704/t/large/11/111224/111224-1707428193-1201150354.jpeg,Existing category tag; verify against description if additional armor types are available.,Standard
198,200,TRUE,TRUE,INCLUDE,Callisto,Callisto HDT-SMP Armor,Fuse00,https://www.nexusmods.com/skyrimspecialedition/users/6052912,https://www.nexusmods.com/skyrimspecialedition/mods/134752,Grounded,Light,FALSE,FALSE,TRUE,Female,Military; Royal,TRUE,FALSE,H7 - Dragon Plate,"{""SMP"":"""",""3BA"":""https://www.nexusmods.com/skyrimspecialedition/mods/134797"",""HIMBO"":""https://www.nexusmods.com/skyrimspecialedition/mods/134789"",""OSL / B.O.O.B.I.E.S"":"""",""Other arousal"":"""",""VSU"":"""",""Heels"":""""}",https://staticdelivery.nexusmods.com/mods/1704/images/134752/134752-1732444885-198237719.jpeg,https://staticdelivery.nexusmods.com/mods/1704/images/134752/134752-1732444885-198237719.jpeg,Existing category tag; verify against description if additional armor types are available.,Standard
247,249,TRUE,TRUE,INCLUDE,Carmine Vesture,Carmine Vesture,Mykolaev,https://www.nexusmods.com/skyrimspecialedition/users/84474133,https://www.nexusmods.com/skyrimspecialedition/mods/151420,Grounded,Light,TRUE,FALSE,FALSE,Female,Bards College; Civilian,FALSE,FALSE,Cloth / Linen,"{""SMP"":"""",""3BA"":""https://www.nexusmods.com/Core/Libs/Common/Widgets/DownloadPopUp?id=632952&game_id=1704"",""HIMBO"":""N/A"",""OSL / B.O.O.B.I.E.S"":"""",""Other arousal"":"""",""VSU"":"""",""Heels"":""""}",https://staticdelivery.nexusmods.com/mods/1704/images/151420/151420-1748628032-1743245526.png,https://staticdelivery.nexusmods.com/mods/1704/images/151420/151420-1748628032-1743245526.png,Existing category tag; verify against description if additional armor types are available.,Standard
258,261,TRUE,TRUE,INCLUDE,Casual Outfit,Obi's Casual Outfit 2K 3BA SMP,Obicnii,https://www.nexusmods.com/skyrimspecialedition/users/59154696,https://www.nexusmods.com/skyrimspecialedition/mods/96357,Modern,Cloth,TRUE,FALSE,FALSE,Female,Civilian,FALSE,FALSE,Cloth / Linen,"{""SMP"":"""",""3BA"":""PREBUILT"",""HIMBO"":""N/A"",""OSL / B.O.O.B.I.E.S"":"""",""Other arousal"":""https://www.nexusmods.com/skyrimspecialedition/mods/102965"",""VSU"":"""",""Heels"":""""}",https://staticdelivery.nexusmods.com/mods/1704/images/96357/96357-1689986301-1362367666.png,https://images.nexusmods.com/mod-images/1704/t/large/96/96357/96357-1689986301-1362367666.png,Existing category tag; verify against description if additional armor types are available.,NSFW
290,293,TRUE,TRUE,INCLUDE,Casual Pirate Outfit,Casual Pirate Outfit,petiteemerald,https://www.nexusmods.com/skyrimspecialedition/users/99000653,https://www.nexusmods.com/skyrimspecialedition/mods/133795,Grounded,Cloth,TRUE,FALSE,FALSE,Male; Female,Maritime; Civilian,FALSE,FALSE,Unassigned,"{""SMP"":"""",""3BA"":""https://www.nexusmods.com/skyrimspecialedition/mods/134468"",""HIMBO"":""https://www.nexusmods.com/skyrimspecialedition/mods/133974"",""OSL / B.O.O.B.I.E.S"":"""",""Other arousal"":"""",""VSU"":"""",""Heels"":""""}",https://staticdelivery.nexusmods.com/mods/1704/images/133795/133795-1731623232-1148856780.png,https://images.nexusmods.com/mod-images/1704/t/large/13/133795/133795-1731623232-1148856780.png,Existing category tag; verify against description if additional armor types are available.,Standard
75,77,TRUE,TRUE,INCLUDE,Chaos Sorcerer,COCO Chaos Sorcerer - CBBE-TBD-UUNP SE,Daymarr,https://www.nexusmods.com/skyrimspecialedition/users/8194845,https://www.nexusmods.com/skyrimspecialedition/mods/85354,Fantastical,Lingerie; Cloth; Light,TRUE,FALSE,FALSE,Female,Arcane; Occult,TRUE,TRUE,Cloth / Linen,"{""SMP"":"""",""3BA"":""PREBUILT"",""HIMBO"":""N/A"",""OSL / B.O.O.B.I.E.S"":""https://www.nexusmods.com/skyrimspecialedition/mods/106672"",""Other arousal"":"""",""VSU"":"""",""Heels"":""https://www.nexusmods.com/skyrimspecialedition/mods/144402""}",https://staticdelivery.nexusmods.com/mods/1704/images/85354/85354-1676844713-2077655500.jpeg,https://images.nexusmods.com/mod-images/1704/t/large/85/85354/85354-1676844713-2077655500.jpeg,Existing category tag; verify against description if additional armor types are available.,NSFW
144,146,TRUE,TRUE,INCLUDE,Chaosrunner,ELLE - Chaosrunner,Ellxe,https://www.nexusmods.com/skyrimspecialedition/users/31116590,https://www.nexusmods.com/skyrimspecialedition/mods/126362,Fantastical,Heavy,FALSE,FALSE,TRUE,Female,Daedra,TRUE,TRUE,H5 - Orcish,"{""SMP"":"""",""3BA"":"""",""HIMBO"":"""",""OSL / B.O.O.B.I.E.S"":"""",""Other arousal"":"""",""VSU"":"""",""Heels"":""""}",https://staticdelivery.nexusmods.com/mods/1704/images/126362/126362-1765597616-1525141681.jpg,https://images.nexusmods.com/mod-images/1704/t/large/12/126362/126362-1765597616-1525141681.jpg,Existing category tag; verify against description if additional armor types are available.,NSFW
189,191,TRUE,TRUE,INCLUDE,Chevalier's Armor Set,Chevalier's Armor Set HDT-SMP,furexarot,https://www.nexusmods.com/skyrimspecialedition/users/120770913,https://www.nexusmods.com/skyrimspecialedition/mods/132629,Grounded,Heavy,FALSE,FALSE,TRUE,Male; Female,Military,FALSE,FALSE,H5 - Steel Plate,"{""SMP"":"""",""3BA"":""https://www.nexusmods.com/Core/Libs/Common/Widgets/DownloadPopUp?id=568578&game_id=1704"",""HIMBO"":""PREBUILT"",""OSL / B.O.O.B.I.E.S"":"""",""Other arousal"":"""",""VSU"":"""",""Heels"":""""}",https://staticdelivery.nexusmods.com/mods/1704/images/132629/132629-1732640134-1343266987.png,https://images.nexusmods.com/mod-images/1704/t/large/13/132629/132629-1732640134-1343266987.png,Existing category tag; verify against description if additional armor types are available.,Standard
76,78,TRUE,TRUE,INCLUDE,Chloe,Melodic Chloe - CBBE-TBD-UUNP SE,Daymarr,https://www.nexusmods.com/skyrimspecialedition/users/8194845,https://www.nexusmods.com/skyrimspecialedition/mods/66917,Fantastical,Light,FALSE,TRUE,FALSE,Female,Occult; Daedra,TRUE,TRUE,L3 - Studded,"{""SMP"":"""",""3BA"":""PREBUILT"",""HIMBO"":""N/A"",""OSL / B.O.O.B.I.E.S"":"""",""Other arousal"":"""",""VSU"":"""",""Heels"":""""}",https://staticdelivery.nexusmods.com/mods/1704/images/66917/66917-1650785685-136675560.png,https://images.nexusmods.com/mod-images/1704/t/large/66/66917/66917-1650785685-136675560.png,Existing category tag; verify against description if additional armor types are available.,NSFW
14,14,TRUE,TRUE,INCLUDE,Chronomancer Outfit,Chronomancer Outfit,AokiliMods,https://www.nexusmods.com/skyrimspecialedition/users/4747368,https://www.nexusmods.com/skyrimspecialedition/mods/135729,Fantastical,Cloth; Light,TRUE,FALSE,FALSE,Female,Arcane; Occult,TRUE,TRUE,Cloth / Linen,"{""SMP"":"""",""3BA"":""PREBUILT"",""HIMBO"":""N/A"",""OSL / B.O.O.B.I.E.S"":""https://www.nexusmods.com/skyrimspecialedition/mods/106672"",""Other arousal"":"""",""VSU"":"""",""Heels"":""""}",https://staticdelivery.nexusmods.com/mods/1704/images/135729/135729-1733940512-1674416753.jpeg,https://staticdelivery.nexusmods.com/mods/1704/images/135729/135729-1733940512-1674416753.jpeg,Existing category tag; verify against description if additional armor types are available.,NSFW
259,262,TRUE,TRUE,INCLUDE,Obi's Cimmerian,Obi's Cimmerian 3BA BHUNP SMP 4K,Obicnii,https://www.nexusmods.com/skyrimspecialedition/users/59154696,https://www.nexusmods.com/skyrimspecialedition/mods/135392,Grounded,Light,FALSE,TRUE,FALSE,Female,Nord,FALSE,FALSE,L6 - Chitin,"{""SMP"":"""",""3BA"":""https://www.nexusmods.com/Core/Libs/Common/Widgets/DownloadPopUp?id=574476&game_id=1704"",""HIMBO"":""N/A"",""OSL / B.O.O.B.I.E.S"":"""",""Other arousal"":"""",""VSU"":"""",""Heels"":""""}",https://staticdelivery.nexusmods.com/mods/1704/images/135392/135392-1734446841-1413603461.png,https://staticdelivery.nexusmods.com/mods/1704/images/135392/135392-1734446841-1413603461.png,Existing category tag; verify against description if additional armor types are available.,NSFW
260,263,TRUE,TRUE,INCLUDE,Obi's Cimmerian [HIMBO],Obi's Cimmerian SMP for HIMBO,Obicnii,https://www.nexusmods.com/skyrimspecialedition/users/59154696,https://www.nexusmods.com/skyrimspecialedition/mods/148379,Grounded,Light,FALSE,TRUE,FALSE,Male,Nord,FALSE,FALSE,L6 - Chitin,"{""SMP"":"""",""3BA"":""N/A"",""HIMBO"":""PREBUILT"",""OSL / B.O.O.B.I.E.S"":"""",""Other arousal"":"""",""VSU"":"""",""Heels"":""""}",https://staticdelivery.nexusmods.com/mods/1704/images/148379/148379-1745372676-1064892714.png,https://staticdelivery.nexusmods.com/mods/1704/images/148379/148379-1745372676-1064892714.png,Existing category tag; verify against description if additional armor types are available.,NSFW
246,248,TRUE,TRUE,INCLUDE,Code Vein - Io,Code Vein - Io - 3BA,MrStrangeT,https://www.nexusmods.com/skyrimspecialedition/users/99603943,https://www.nexusmods.com/skyrimspecialedition/mods/157163,Grounded,Cloth,TRUE,FALSE,FALSE,Female,Civilian,TRUE,TRUE,Unassigned,"{""SMP"":"""",""3BA"":"""",""HIMBO"":"""",""OSL / B.O.O.B.I.E.S"":"""",""Other arousal"":"""",""VSU"":"""",""Heels"":""""}",https://staticdelivery.nexusmods.com/mods/1704/images/157163/157163-1755549434-567800108.png,https://images.nexusmods.com/mod-images/1704/t/large/15/157163/157163-1755549434-567800108.png,Existing category tag; verify against description if additional armor types are available.,NSFW
331,334,TRUE,TRUE,INCLUDE,Cold Foreigner Outfit,Cold Foreigner outfit (Vanilla - 3BA - HIMBO),SmolSaltLemon,https://www.nexusmods.com/skyrimspecialedition/users/202025696,https://www.nexusmods.com/skyrimspecialedition/mods/139157,Grounded,Light,FALSE,TRUE,FALSE,Male; Female,Civilian,TRUE,TRUE,L2 - Fur,"{""SMP"":"""",""3BA"":""PREBUILT"",""HIMBO"":""PREBUILT"",""OSL / B.O.O.B.I.E.S"":"""",""Other arousal"":"""",""VSU"":"""",""Heels"":""""}",https://staticdelivery.nexusmods.com/mods/1704/images/139157/139157-1736945657-1851430798.png,https://staticdelivery.nexusmods.com/mods/1704/images/139157/139157-1736945657-1851430798.png,Existing category tag; verify against description if additional armor types are available.,Standard
299,302,TRUE,TRUE,INCLUDE,Colovian Prince Set,Colovian Prince Set,Pulcharmsolis,https://www.nexusmods.com/skyrimspecialedition/users/122433248,https://www.nexusmods.com/skyrimspecialedition/mods/79894,Grounded,Light,FALSE,TRUE,FALSE,Male; Female,Imperial,FALSE,FALSE,L8 - Scaled,"{""SMP"":"""",""3BA"":""https://www.nexusmods.com/skyrimspecialedition/mods/84230"",""HIMBO"":""https://www.nexusmods.com/skyrimspecialedition/mods/86504"",""OSL / B.O.O.B.I.E.S"":"""",""Other arousal"":"""",""VSU"":"""",""Heels"":""""}",https://staticdelivery.nexusmods.com/mods/1704/images/79894/79894-1675474858-145845374.jpeg,https://images.nexusmods.com/mod-images/1704/t/large/79/79894/79894-1675474858-145845374.jpeg,Existing category tag; verify against description if additional armor types are available.,Standard
213,215,TRUE,TRUE,INCLUDE,Common Clothing Expansion,Common Clothing Expansion,Hornclonic,https://www.nexusmods.com/skyrimspecialedition/users/86825423,https://www.nexusmods.com/skyrimspecialedition/mods/134088,Grounded,Cloth,TRUE,FALSE,FALSE,Male; Female,Civilian,TRUE,FALSE,Unassigned,"{""SMP"":"""",""3BA"":"""",""HIMBO"":"""",""OSL / B.O.O.B.I.E.S"":"""",""Other arousal"":"""",""VSU"":"""",""Heels"":""""}",https://staticdelivery.nexusmods.com/mods/1704/images/134088/134088-1731839773-1329213344.png,https://images.nexusmods.com/mod-images/1704/t/large/13/134088/134088-1731839773-1329213344.png,Existing category tag; verify against description if additional armor types are available.,Standard
261,264,TRUE,TRUE,INCLUDE,Obi's Common Outfit,Obi's Common Outfit 3BA 2K,Obicnii,https://www.nexusmods.com/skyrimspecialedition/users/59154696,https://www.nexusmods.com/skyrimspecialedition/mods/110678,Modern,Light,FALSE,TRUE,FALSE,Female,Civilian,TRUE,FALSE,L5 - Leather,"{""SMP"":"""",""3BA"":""PREBUILT"",""HIMBO"":""N/A"",""OSL / B.O.O.B.I.E.S"":"""",""Other arousal"":"""",""VSU"":"""",""Heels"":""""}",https://i.postimg.cc/SN4smHFC/Dimi-OBICommon-Outfit-Collage.jpg,https://i.postimg.cc/SN4smHFC/Dimi-OBICommon-Outfit-Collage.jpg,Existing category tag; verify against description if additional armor types are available.,NSFW
193,195,TRUE,TRUE,INCLUDE,Countess Armor,Countess Armor,Fuse00,https://www.nexusmods.com/skyrimspecialedition/users/6052912,https://www.nexusmods.com/skyrimspecialedition/mods/71116,Grounded,Light,TRUE,FALSE,FALSE,Male; Female,Royal; Military,FALSE,FALSE,Cloth / Linen,"{""SMP"":"""",""3BA"":""https://www.nexusmods.com/skyrimspecialedition/mods/72793"",""HIMBO"":""https://www.nexusmods.com/skyrimspecialedition/mods/145189"",""OSL / B.O.O.B.I.E.S"":"""",""Other arousal"":"""",""VSU"":"""",""Heels"":""""}",https://staticdelivery.nexusmods.com/mods/1704/images/71116/71116-1657461861-133216976.jpeg,https://images.nexusmods.com/mod-images/1704/t/large/71/71116/71116-1657461861-133216976.jpeg,Existing category tag; verify against description if additional armor types are available.,Standard
262,265,TRUE,TRUE,INCLUDE,Obi's Crimson Outfit,Obi's Crimson Outfit 2K 3BA BHUNP SMP,Obicnii,https://www.nexusmods.com/skyrimspecialedition/users/59154696,https://www.nexusmods.com/skyrimspecialedition/mods/102288,Grounded,Light,FALSE,TRUE,FALSE,Female,Volkihar Vampire Clan; Occult,FALSE,FALSE,L5 - Leather,"{""SMP"":"""",""3BA"":""PREBUILT"",""HIMBO"":""N/A"",""OSL / B.O.O.B.I.E.S"":"""",""Other arousal"":"""",""VSU"":"""",""Heels"":""""}",https://staticdelivery.nexusmods.com/mods/1704/images/102288/102288-1697043981-138209635.png,https://staticdelivery.nexusmods.com/mods/1704/images/102288/102288-1697043981-138209635.png,Existing category tag; verify against description if additional armor types are available.,NSFW
48,49,TRUE,TRUE,INCLUDE,Crochet Bikini,Crochet Bikini,contentcat,https://www.nexusmods.com/skyrimspecialedition/users/69093453,https://www.nexusmods.com/skyrimspecialedition/mods/146397,Modern,Lingerie,FALSE,FALSE,FALSE,Female,Civilian,FALSE,TRUE,Cloth / Linen,"{""SMP"":"""",""3BA"":""PREBUILT"",""HIMBO"":""N/A"",""OSL / B.O.O.B.I.E.S"":"""",""Other arousal"":"""",""VSU"":"""",""Heels"":""""}",https://staticdelivery.nexusmods.com/mods/1704/images/146397/146397-1743524926-135825587.png,https://staticdelivery.nexusmods.com/mods/1704/images/146397/146397-1743524926-135825587.png,"Description audit required: no Clothing, Light, or Heavy tag currently present.",NSFW
303,306,TRUE,TRUE,INCLUDE,Crown Plate Set,Crown Plate Set,Pulcharmsolis,https://www.nexusmods.com/skyrimspecialedition/users/122433248,https://www.nexusmods.com/skyrimspecialedition/mods/114751,Grounded,Heavy,FALSE,FALSE,TRUE,Male; Female,Redguard; Military,FALSE,FALSE,H6 - Ebony,"{""SMP"":"""",""3BA"":""N/A"",""HIMBO"":""https://www.nexusmods.com/skyrimspecialedition/mods/116757"",""OSL / B.O.O.B.I.E.S"":"""",""Other arousal"":"""",""VSU"":"""",""Heels"":""""}",https://staticdelivery.nexusmods.com/mods/1704/images/114751/114751-1712351139-447378358.jpeg,https://images.nexusmods.com/mod-images/1704/t/large/11/114751/114751-1712351139-447378358.jpeg,Existing category tag; verify against description if additional armor types are available.,Standard
321,324,TRUE,TRUE,INCLUDE,Crowns (House of the Dragon),Crowns (House of the Dragon),ShasSaalLDred,https://www.nexusmods.com/skyrimspecialedition/users/152271893,https://www.nexusmods.com/skyrimspecialedition/mods/91522,Grounded,Accessories,FALSE,FALSE,FALSE,,Royal,FALSE,FALSE,Unassigned,"{""SMP"":"""",""3BA"":""N/A"",""HIMBO"":""N/A"",""OSL / B.O.O.B.I.E.S"":"""",""Other arousal"":"""",""VSU"":"""",""Heels"":""""}",https://staticdelivery.nexusmods.com/mods/1704/images/91522/91522-1684359300-161905553.png,https://images.nexusmods.com/mod-images/1704/t/large/91/91522/91522-1684359300-161905553.png,"Description audit required: no Clothing, Light, or Heavy tag currently present.",Standard
244,246,TRUE,TRUE,INCLUDE,Cultural Bards,Cultural Bards - A Bard Themed Clothing and Accessory Collection,masimeiro,https://www.nexusmods.com/skyrimspecialedition/users/12007218,https://www.nexusmods.com/skyrimspecialedition/mods/133000,Grounded,Cloth,TRUE,FALSE,FALSE,Male; Female,Bards College; Royal,TRUE,FALSE,Cloth / Linen,"{""SMP"":"""",""3BA"":""https://www.nexusmods.com/skyrimspecialedition/mods/133265"",""HIMBO"":""PREBUILT"",""OSL / B.O.O.B.I.E.S"":"""",""Other arousal"":"""",""VSU"":"""",""Heels"":""""}",https://staticdelivery.nexusmods.com/mods/1704/images/133000/133000-1730617535-1276541196.png,https://images.nexusmods.com/mod-images/1704/t/large/13/133000/133000-1730617535-1276541196.png,Existing category tag; verify against description if additional armor types are available.,Standard
138,140,TRUE,TRUE,INCLUDE,Cyrodilic Thief,Cyrodilic Thief,Eferas,https://www.nexusmods.com/skyrimspecialedition/users/2396222,https://www.nexusmods.com/skyrimspecialedition/mods/29667,Grounded,Light,FALSE,TRUE,FALSE,Male,Assassin; Thieves Guild,FALSE,FALSE,Unassigned,"{""SMP"":"""",""3BA"":"""",""HIMBO"":"""",""OSL / B.O.O.B.I.E.S"":"""",""Other arousal"":"""",""VSU"":"""",""Heels"":""""}",https://staticdelivery.nexusmods.com/mods/1704/images/29667/29667-1570972364-1043306879.jpeg,https://images.nexusmods.com/mod-images/1704/t/large/29/29667/29667-1570972364-1043306879.jpeg,Existing category tag; verify against description if additional armor types are available.,Standard
234,236,TRUE,TRUE,INCLUDE,D-Huntress,D-Huntress,JennyPennyJelapeni,https://www.nexusmods.com/skyrimspecialedition/users/71189578,https://www.nexusmods.com/skyrimspecialedition/mods/40392,Fantastical,Light,FALSE,TRUE,FALSE,Female,Daedra; Occult,FALSE,FALSE,L3 - Studded,"{""SMP"":"""",""3BA"":""PREBUILT"",""HIMBO"":""N/A"",""OSL / B.O.O.B.I.E.S"":"""",""Other arousal"":"""",""VSU"":"""",""Heels"":""""}",https://staticdelivery.nexusmods.com/mods/1704/images/40392/40392-1600033886-1309686675.png,https://staticdelivery.nexusmods.com/mods/1704/images/40392/40392-1600033886-1309686675.png,Existing category tag; verify against description if additional armor types are available.,NSFW
65,66,TRUE,TRUE,INCLUDE,Daenerys Dress,DD - Daenerys Dress 3BA and SMP,DarkDukla,https://www.nexusmods.com/skyrimspecialedition/users/18292594,https://www.nexusmods.com/skyrimspecialedition/mods/150417,Fantastical,Cloth,TRUE,FALSE,FALSE,Female,Royal,FALSE,TRUE,Unassigned,"{""SMP"":"""",""3BA"":"""",""HIMBO"":"""",""OSL / B.O.O.B.I.E.S"":"""",""Other arousal"":"""",""VSU"":"""",""Heels"":""""}",https://i.ibb.co/n8mQ7nmS/Skyrim-SE-2025-04-07-03-45-01.png,https://i.ibb.co/n8mQ7nmS/Skyrim-SE-2025-04-07-03-45-01.png,Existing category tag; verify against description if additional armor types are available.,NSFW
145,147,TRUE,TRUE,INCLUDE,Dangerous Gladiator,Dangerous Gladiator - 3BA,Ellxe,https://www.nexusmods.com/skyrimspecialedition/users/31116590,https://www.nexusmods.com/skyrimspecialedition/mods/106430,Grounded,Light,FALSE,TRUE,FALSE,Female,Military,TRUE,FALSE,L5 - Leather,"{""SMP"":"""",""3BA"":"""",""HIMBO"":"""",""OSL / B.O.O.B.I.E.S"":"""",""Other arousal"":"""",""VSU"":"""",""Heels"":""""}",https://staticdelivery.nexusmods.com/mods/1704/images/106430/106430-1765600343-840159915.jpg,https://images.nexusmods.com/mod-images/1704/t/large/10/106430/106430-1765600343-840159915.jpg,Existing category tag; verify against description if additional armor types are available.,NSFW
146,148,TRUE,TRUE,INCLUDE,Dark Assassin,ELLE - Dark Assassin,Ellxe,https://www.nexusmods.com/skyrimspecialedition/users/31116590,https://www.nexusmods.com/skyrimspecialedition/mods/153943,Fantastical,Light,FALSE,TRUE,FALSE,Female,Thieves Guild; Assassin,TRUE,TRUE,Unassigned,"{""SMP"":"""",""3BA"":"""",""HIMBO"":"""",""OSL / B.O.O.B.I.E.S"":"""",""Other arousal"":"""",""VSU"":"""",""Heels"":""""}",https://staticdelivery.nexusmods.com/mods/1704/images/153943/153943-1765599494-2080380656.jpg,https://images.nexusmods.com/mod-images/1704/t/large/15/153943/153943-1765599494-2080380656.jpg,Existing category tag; verify against description if additional armor types are available.,NSFW
202,204,TRUE,TRUE,INCLUDE,Dark Knight Heavy Padded Armor Set,Dark Knight Heavy Padded Armor Set,GildyBoye,https://www.nexusmods.com/skyrimspecialedition/users/4856012,https://www.nexusmods.com/skyrimspecialedition/mods/104977,Grounded,Heavy,FALSE,FALSE,TRUE,Male,Military,FALSE,TRUE,H3 - Steel,"{""SMP"":"""",""3BA"":""N/A"",""HIMBO"":""https://www.nexusmods.com/skyrimspecialedition/mods/134909"",""OSL / B.O.O.B.I.E.S"":"""",""Other arousal"":"""",""VSU"":"""",""Heels"":""""}",https://staticdelivery.nexusmods.com/mods/1704/images/104977/104977-1700924579-1964612483.png,https://staticdelivery.nexusmods.com/mods/1704/images/104977/104977-1700924579-1964612483.png,Existing category tag; verify against description if additional armor types are available.,Standard
35,35,TRUE,TRUE,INCLUDE,Dark Mage of Plegia,Dark Mage of Plegia - hdt SMP (CBBE 3BA),Caenarvon,https://www.nexusmods.com/skyrimspecialedition/users/88049288,https://www.nexusmods.com/skyrimspecialedition/mods/84554,Fantastical,Cloth,TRUE,FALSE,FALSE,Female,College of Winterhold; Arcane,FALSE,TRUE,Cloth / Linen,"{""SMP"":"""",""3BA"":""PREBUILT"",""HIMBO"":""N/A"",""OSL / B.O.O.B.I.E.S"":""https://www.nexusmods.com/skyrimspecialedition/mods/106672"",""Other arousal"":"""",""VSU"":""https://www.nexusmods.com/skyrimspecialedition/mods/119821"",""Heels"":""https://www.nexusmods.com/skyrimspecialedition/mods/144402""}",https://staticdelivery.nexusmods.com/mods/1704/images/84554/84554-1675943641-472347038.jpeg,https://images.nexusmods.com/mod-images/1704/t/large/84/84554/84554-1675943641-472347038.jpeg,Existing category tag; verify against description if additional armor types are available.,NSFW
147,149,TRUE,TRUE,INCLUDE,Dark Rebel,Dark Rebel 3BA,Ellxe,https://www.nexusmods.com/skyrimspecialedition/users/31116590,https://www.nexusmods.com/skyrimspecialedition/mods/102957,Modern,Light,FALSE,TRUE,FALSE,Female,Occult; Daedric; Assassin,TRUE,TRUE,L5 - Leather,"{""SMP"":"""",""3BA"":"""",""HIMBO"":"""",""OSL / B.O.O.B.I.E.S"":"""",""Other arousal"":"""",""VSU"":"""",""Heels"":""""}",https://staticdelivery.nexusmods.com/mods/1704/images/102957/102957-1765600171-416326334.jpg,https://images.nexusmods.com/mod-images/1704/t/large/10/102957/102957-1765600171-416326334.jpg,Existing category tag; verify against description if additional armor types are available.,NSFW
288,291,TRUE,TRUE,INCLUDE,Dark Witch Armor,Dark Witch Armor BHUNP 3BA SMP,OperatorCactus,https://www.nexusmods.com/skyrimspecialedition/users/7142304,https://www.nexusmods.com/skyrimspecialedition/mods/112260,Grounded,Light,FALSE,TRUE,FALSE,Female,Occult; Military,FALSE,FALSE,L3 - Studded,"{""SMP"":"""",""3BA"":""https://www.nexusmods.com/Core/Libs/Common/Widgets/DownloadPopUp?id=474396&game_id=1704"",""HIMBO"":""https://www.nexusmods.com/skyrimspecialedition/mods/112270"",""OSL / B.O.O.B.I.E.S"":"""",""Other arousal"":"""",""VSU"":"""",""Heels"":""""}",https://staticdelivery.nexusmods.com/mods/1704/images/112260/112260-1708552371-1268159647.png,https://staticdelivery.nexusmods.com/mods/1704/images/112260/112260-1708552371-1268159647.png,Existing category tag; verify against description if additional armor types are available.,NSFW
45,45,TRUE,TRUE,INCLUDE,Dawn Warrior Armor,Dawn Warrior Armor - Official Uniform of the Heartbow Rangers - 3BA,coldsun1187,https://www.nexusmods.com/skyrimspecialedition/users/9762372,https://www.nexusmods.com/skyrimspecialedition/mods/113025,Grounded,Light,FALSE,TRUE,FALSE,Female,Military,FALSE,FALSE,L5 - Leather,"{""SMP"":"""",""3BA"":""PREBUILT"",""HIMBO"":""N/A"",""OSL / B.O.O.B.I.E.S"":"""",""Other arousal"":"""",""VSU"":"""",""Heels"":""""}",https://staticdelivery.nexusmods.com/mods/1704/images/113025/113025-1709502140-832791583.png,https://images.nexusmods.com/mod-images/1704/t/large/11/113025/113025-1709502140-832791583.png,Existing category tag; verify against description if additional armor types are available.,NSFW
77,79,TRUE,TRUE,INCLUDE,Deliciously Bride,COCO Deliciously Bride - CBBE-UUNP SE,Daymarr,https://www.nexusmods.com/skyrimspecialedition/users/8194845,https://www.nexusmods.com/skyrimspecialedition/mods/101087,Modern,Cloth,TRUE,FALSE,FALSE,Female,Romantic; Royal,TRUE,TRUE,Cloth / Linen,"{""SMP"":"""",""3BA"":""PREBUILT"",""HIMBO"":""N/A"",""OSL / B.O.O.B.I.E.S"":""https://www.nexusmods.com/skyrimspecialedition/mods/106672"",""Other arousal"":"""",""VSU"":"""",""Heels"":""""}",https://staticdelivery.nexusmods.com/mods/1704/images/101087/101087-1695572822-2134987595.jpeg,https://staticdelivery.nexusmods.com/mods/1704/images/101087/101087-1695572822-2134987595.jpeg,Existing category tag; verify against description if additional armor types are available.,NSFW
263,266,TRUE,TRUE,INCLUDE,Derketo Priestess Outfit,Obi's Derketo Priestess Outfit - BHUNP UBE 3BA,Obicnii,https://www.nexusmods.com/skyrimspecialedition/users/59154696,https://www.nexusmods.com/skyrimspecialedition/mods/137642,Fantastical,Cloth,TRUE,FALSE,FALSE,Female,Divine; Civilian,FALSE,FALSE,Unassigned,"{""SMP"":"""",""3BA"":"""",""HIMBO"":"""",""OSL / B.O.O.B.I.E.S"":"""",""Other arousal"":"""",""VSU"":"""",""Heels"":""""}",https://staticdelivery.nexusmods.com/mods/1704/images/137642/137642-1735765675-1182727459.jpeg,https://images.nexusmods.com/mod-images/1704/t/large/13/137642/137642-1735765675-1182727459.jpeg,Existing category tag; verify against description if additional armor types are available.,NSFW
264,267,TRUE,TRUE,INCLUDE,Desert Sorceress,Obi's Desert Sorceress,Obicnii,https://www.nexusmods.com/skyrimspecialedition/users/59154696,https://www.nexusmods.com/skyrimspecialedition/mods/155483,Fantastical,Cloth,TRUE,FALSE,FALSE,Female,Arcane; Occult,FALSE,FALSE,Unassigned,"{""SMP"":"""",""3BA"":"""",""HIMBO"":"""",""OSL / B.O.O.B.I.E.S"":"""",""Other arousal"":"""",""VSU"":"""",""Heels"":""""}",https://staticdelivery.nexusmods.com/mods/1704/images/155483/155483-1753451923-539872546.png,https://staticdelivery.nexusmods.com/mods/1704/images/155483/155483-1753451923-539872546.png,Existing category tag; verify against description if additional armor types are available.,NSFW
148,150,TRUE,TRUE,INCLUDE,Devil Parade,Devil Parade 3BA,Ellxe,https://www.nexusmods.com/skyrimspecialedition/users/31116590,https://www.nexusmods.com/skyrimspecialedition/mods/86103,Fantastical,Light,FALSE,TRUE,FALSE,Female,Daedra; Occult,FALSE,FALSE,L3 - Studded,"{""SMP"":"""",""3BA"":"""",""HIMBO"":"""",""OSL / B.O.O.B.I.E.S"":"""",""Other arousal"":"""",""VSU"":"""",""Heels"":""""}",https://staticdelivery.nexusmods.com/mods/1704/images/86103/86103-1765008818-1176864896.png,https://images.nexusmods.com/mod-images/1704/t/large/86/86103/86103-1765008818-1176864896.png,Existing category tag; verify against description if additional armor types are available.,NSFW
149,151,TRUE,TRUE,INCLUDE,Dominique,Dominique 3BA,Ellxe,https://www.nexusmods.com/skyrimspecialedition/users/31116590,https://www.nexusmods.com/skyrimspecialedition/mods/103423,Fantastical,Light,FALSE,TRUE,FALSE,Female,Occult,FALSE,FALSE,L10 - Glass,"{""SMP"":"""",""3BA"":"""",""HIMBO"":"""",""OSL / B.O.O.B.I.E.S"":"""",""Other arousal"":"""",""VSU"":"""",""Heels"":""""}",https://i.imgur.com/T0tuIpd.jpg,https://i.imgur.com/T0tuIpd.jpg,Existing category tag; verify against description if additional armor types are available.,NSFW
337,340,TRUE,TRUE,INCLUDE,Dovakini Armor,Dovakini Armor - TBD,themilkdrinker,https://www.nexusmods.com/skyrimspecialedition/users/5487668,https://www.nexusmods.com/skyrimspecialedition/mods/56805,Fantastical,"Lingerie, Light",FALSE,TRUE,FALSE,Female,Military; Nord,FALSE,FALSE,H1 - Iron,"{""SMP"":"""",""3BA"":""https://www.nexusmods.com/Core/Libs/Common/Widgets/DownloadPopUp?id=237796&game_id=1704"",""HIMBO"":""N/A"",""OSL / B.O.O.B.I.E.S"":"""",""Other arousal"":"""",""VSU"":"""",""Heels"":""""}",https://staticdelivery.nexusmods.com/mods/1704/images/56805/56805-1634197785-1533331422.png,https://images.nexusmods.com/mod-images/1704/t/large/56/56805/56805-1634197785-1533331422.png,Existing category tag; verify against description if additional armor types are available.,NSFW
15,15,TRUE,TRUE,INCLUDE,Dracania Armor,Dracania Armor,AokiliMods,https://www.nexusmods.com/skyrimspecialedition/users/4747368,https://www.nexusmods.com/skyrimspecialedition/mods/128683,Fantastical,Light; Heavy,FALSE,FALSE,TRUE,Female,Military;,TRUE,TRUE,H6 - Ebony,"{""SMP"":"""",""3BA"":""PREBUILT"",""HIMBO"":""N/A"",""OSL / B.O.O.B.I.E.S"":""https://www.nexusmods.com/skyrimspecialedition/mods/106672"",""Other arousal"":"""",""VSU"":"""",""Heels"":""https://www.nexusmods.com/skyrimspecialedition/mods/144402""}",https://staticdelivery.nexusmods.com/mods/1704/images/128683/128683-1726434620-1800217924.jpeg,https://images.nexusmods.com/mod-images/1704/t/large/12/128683/128683-1726434620-1800217924.jpeg,Existing category tag; verify against description if additional armor types are available.,NSFW
265,268,TRUE,TRUE,INCLUDE,Druchii Armor,Obi's Druchii Armor 4K SMP 3BA UBE BHUNP,Obicnii,https://www.nexusmods.com/skyrimspecialedition/users/59154696,https://www.nexusmods.com/skyrimspecialedition/mods/148867,Grounded,Heavy,FALSE,TRUE,FALSE,Female,Volkihar Vampire Clan; Occult,TRUE,FALSE,L3 - Studded,"{""SMP"":"""",""3BA"":""PREBUILT"",""HIMBO"":""N/A"",""OSL / B.O.O.B.I.E.S"":"""",""Other arousal"":"""",""VSU"":"""",""Heels"":""""}",https://staticdelivery.nexusmods.com/mods/1704/images/148867/148867-1746245667-291421200.jpeg,https://images.nexusmods.com/mod-images/1704/t/large/14/148867/148867-1746245667-291421200.jpeg,Existing category tag; verify against description if additional armor types are available.,NSFW
223,225,TRUE,TRUE,INCLUDE,Duskbound,Duskbound BHUNPv4 SMP,hyruledm,https://www.nexusmods.com/skyrimspecialedition/users/94893323,https://www.nexusmods.com/skyrimspecialedition/mods/153829,Fantastical,Lingere; Light,FALSE,TRUE,FALSE,Female,Civilian; Nord,FALSE,FALSE,Unassigned,"{""SMP"":"""",""3BA"":"""",""HIMBO"":"""",""OSL / B.O.O.B.I.E.S"":"""",""Other arousal"":"""",""VSU"":"""",""Heels"":""""}",https://staticdelivery.nexusmods.com/mods/1704/images/153829/153829-1751212956-1753640395.jpg,https://images.nexusmods.com/mod-images/1704/t/large/15/153829/153829-1751212956-1753640395.jpg,Existing category tag; verify against description if additional armor types are available.,NSFW
101,103,TRUE,TRUE,INCLUDE,DX Ancient Draugr Outfit,DX Ancient Draugr Outfit - UNP TOP MODEL BBP,DeserterX,https://www.nexusmods.com/skyrimspecialedition/users/3373573,https://www.nexusmods.com/skyrimspecialedition/mods/4731,Fantastical,Light,TRUE,FALSE,FALSE,Female,Occult,TRUE,FALSE,Unassigned,"{""SMP"":"""",""3BA"":"""",""HIMBO"":"""",""OSL / B.O.O.B.I.E.S"":"""",""Other arousal"":"""",""VSU"":"""",""Heels"":""""}",https://staticdelivery.nexusmods.com/mods/1704/images/4731/4731-1565060995-211464680.png,https://staticdelivery.nexusmods.com/mods/1704/images/4731/4731-1565060995-211464680.png,Existing category tag; verify against description if additional armor types are available.,NSFW
220,222,TRUE,TRUE,INCLUDE,DX Azur Lane St. Louis,DX Azur Lane St. Louis CBBE - 3BA - BHUNP,hwybee4996,https://www.nexusmods.com/skyrimspecialedition/users/38307240,https://www.nexusmods.com/skyrimspecialedition/mods/85050,Modern,Lingerie; Light,FALSE,TRUE,FALSE,Female,Civilian,TRUE,FALSE,L1 - Hide,"{""SMP"":"""",""3BA"":""PREBUILT"",""HIMBO"":""N/A"",""OSL / B.O.O.B.I.E.S"":"""",""Other arousal"":"""",""VSU"":"""",""Heels"":""""}",https://staticdelivery.nexusmods.com/mods/1704/images/85050/85050-1676849909-721575337.png,https://staticdelivery.nexusmods.com/mods/1704/images/85050/85050-1676849909-721575337.png,Existing category tag; verify against description if additional armor types are available.,NSFW
102,104,TRUE,TRUE,INCLUDE,DX Black Widow Outfit,DX Black Widow Outfit - UNP,DeserterX,https://www.nexusmods.com/skyrimspecialedition/users/3373573,https://www.nexusmods.com/skyrimspecialedition/mods/29944,Fantastical,Light,FALSE,FALSE,FALSE,Female,Occult;,TRUE,FALSE,Unassigned,"{""SMP"":"""",""3BA"":"""",""HIMBO"":"""",""OSL / B.O.O.B.I.E.S"":"""",""Other arousal"":"""",""VSU"":"""",""Heels"":""""}",https://staticdelivery.nexusmods.com/mods/1704/images/29944/29944-1572489810-548295379.jpeg,https://staticdelivery.nexusmods.com/mods/1704/images/29944/29944-1572489810-548295379.jpeg,"Description audit required: no Clothing, Light, or Heavy tag currently present.",NSFW
103,105,TRUE,TRUE,INCLUDE,DX Cassandra Apocrypha Robes,DX Cassandra Apocrypha Robes - UNP,DeserterX,https://www.nexusmods.com/skyrimspecialedition/users/3373573,https://www.nexusmods.com/skyrimspecialedition/mods/27346,Fantastical,Light,TRUE,FALSE,FALSE,Female,Occult; Arcane,TRUE,FALSE,Unassigned,"{""SMP"":"""",""3BA"":"""",""HIMBO"":"""",""OSL / B.O.O.B.I.E.S"":"""",""Other arousal"":"""",""VSU"":"""",""Heels"":""""}",https://staticdelivery.nexusmods.com/mods/1704/images/27346/27346-1568789393-1747526027.png,https://staticdelivery.nexusmods.com/mods/1704/images/27346/27346-1568789393-1747526027.png,Existing category tag; verify against description if additional armor types are available.,NSFW
104,106,TRUE,TRUE,INCLUDE,DX Cassandra Frost Witch Outfit,DX Cassandra Frost Witch Outfit - UNP,DeserterX,https://www.nexusmods.com/skyrimspecialedition/users/3373573,https://www.nexusmods.com/skyrimspecialedition/mods/4783,Fantastical,Light,FALSE,TRUE,FALSE,Female,Occult; Arcane,TRUE,FALSE,Unassigned,"{""SMP"":"""",""3BA"":"""",""HIMBO"":"""",""OSL / B.O.O.B.I.E.S"":"""",""Other arousal"":"""",""VSU"":"""",""Heels"":""""}",https://staticdelivery.nexusmods.com/mods/1704/images/4783/4783-1564797072-2017789163.jpeg,https://images.nexusmods.com/mod-images/1704/t/large/47/4783/4783-1564797072-2017789163.jpeg,Existing category tag; verify against description if additional armor types are available.,NSFW
105,107,TRUE,TRUE,INCLUDE,DX Celes Mercy Outfit,DX Celes Mercy Outfit - UNP,DeserterX,https://www.nexusmods.com/skyrimspecialedition/users/3373573,https://www.nexusmods.com/skyrimspecialedition/mods/25874,Fantastical,Cloth,TRUE,FALSE,FALSE,Female,Civilian; Divine,TRUE,FALSE,Unassigned,"{""SMP"":"""",""3BA"":"""",""HIMBO"":"""",""OSL / B.O.O.B.I.E.S"":"""",""Other arousal"":"""",""VSU"":"""",""Heels"":""""}",https://staticdelivery.nexusmods.com/mods/1704/images/4482/4482-1558330871-849704721.gif,https://staticdelivery.nexusmods.com/mods/1704/images/4482/4482-1558330871-849704721.gif,Existing category tag; verify against description if additional armor types are available.,NSFW
106,108,TRUE,TRUE,INCLUDE,DX Celes Nightingale Outfit and Weapons,DX Celes Nightingale Outfit and Weapons - UNP,DeserterX,https://www.nexusmods.com/skyrimspecialedition/users/3373573,https://www.nexusmods.com/skyrimspecialedition/mods/4529,Fantastical,Light,FALSE,TRUE,FALSE,Female,Civilian; Thieves Guild,TRUE,FALSE,Unassigned,"{""SMP"":"""",""3BA"":"""",""HIMBO"":"""",""OSL / B.O.O.B.I.E.S"":"""",""Other arousal"":"""",""VSU"":"""",""Heels"":""""}",https://staticdelivery.nexusmods.com/mods/1704/images/4529-0-1479474154.jpg,https://staticdelivery.nexusmods.com/mods/1704/images/4529-0-1479474154.jpg,Existing category tag; verify against description if additional armor types are available.,NSFW
107,109,TRUE,TRUE,INCLUDE,DX Celes Rogue Armor,DX Celes Rogue Armor - UNP,DeserterX,https://www.nexusmods.com/skyrimspecialedition/users/3373573,https://www.nexusmods.com/skyrimspecialedition/mods/27929,Fantastical,Light,FALSE,TRUE,FALSE,Female,Assassin; Military,TRUE,FALSE,Unassigned,"{""SMP"":"""",""3BA"":"""",""HIMBO"":"""",""OSL / B.O.O.B.I.E.S"":"""",""Other arousal"":"""",""VSU"":"""",""Heels"":""""}",https://staticdelivery.nexusmods.com/mods/1704/images/4482/4482-1564732358-946340728.png,https://staticdelivery.nexusmods.com/mods/1704/images/4482/4482-1564732358-946340728.png,Existing category tag; verify against description if additional armor types are available.,NSFW
108,110,TRUE,TRUE,INCLUDE,DX Celes Tarot Outfit,DX Celes Tarot Outfit (Witch of the Black Rose) - UNP,DeserterX,https://www.nexusmods.com/skyrimspecialedition/users/3373573,https://www.nexusmods.com/skyrimspecialedition/mods/28553,Fantastical,Cloth,TRUE,FALSE,FALSE,Female,Occult; Civilian,TRUE,FALSE,Unassigned,"{""SMP"":"""",""3BA"":"""",""HIMBO"":"""",""OSL / B.O.O.B.I.E.S"":"""",""Other arousal"":"""",""VSU"":"""",""Heels"":""""}",https://staticdelivery.nexusmods.com/mods/1704/images/28553/28553-1566845843-1432500726.png,https://images.nexusmods.com/mod-images/1704/t/large/28/28553/28553-1566845843-1432500726.png,Existing category tag; verify against description if additional armor types are available.,NSFW
109,111,TRUE,TRUE,INCLUDE,DX Christmas Bunny Outfit,DX Christmas Bunny Outfit - UNP,DeserterX,https://www.nexusmods.com/skyrimspecialedition/users/3373573,https://www.nexusmods.com/skyrimspecialedition/mods/43416,Modern,Lingerie,FALSE,FALSE,FALSE,Female,Civilian,TRUE,TRUE,Unassigned,"{""SMP"":"""",""3BA"":"""",""HIMBO"":"""",""OSL / B.O.O.B.I.E.S"":"""",""Other arousal"":"""",""VSU"":"""",""Heels"":""""}",https://staticdelivery.nexusmods.com/mods/1704/images/43416/43416-1608207848-890719722.png,https://staticdelivery.nexusmods.com/mods/1704/images/43416/43416-1608207848-890719722.png,"Description audit required: no Clothing, Light, or Heavy tag currently present.",NSFW
110,112,TRUE,TRUE,INCLUDE,DX Crimson Blood Armor,DX Crimson Blood Armor - UNP,DeserterX,https://www.nexusmods.com/skyrimspecialedition/users/3373573,https://www.nexusmods.com/skyrimspecialedition/mods/29451,Fantastical,Light,FALSE,TRUE,FALSE,Female,Military; Occult; Volkihar Vampire Clan,TRUE,TRUE,Unassigned,"{""SMP"":"""",""3BA"":"""",""HIMBO"":"""",""OSL / B.O.O.B.I.E.S"":"""",""Other arousal"":"""",""VSU"":"""",""Heels"":""""}",https://staticdelivery.nexusmods.com/mods/1704/images/29451/29451-1570384355-1917862135.png,https://staticdelivery.nexusmods.com/mods/1704/images/29451/29451-1570384355-1917862135.png,Existing category tag; verify against description if additional armor types are available.,NSFW
111,113,TRUE,TRUE,INCLUDE,DX Daedric Reaper Armor,DX Daedric Reaper Armor - UNP and MALE,DeserterX,https://www.nexusmods.com/skyrimspecialedition/users/3373573,https://www.nexusmods.com/skyrimspecialedition/mods/4372,Fantastical,Heavy,FALSE,TRUE,FALSE,Female,Daedra; Military,TRUE,FALSE,Unassigned,"{""SMP"":"""",""3BA"":"""",""HIMBO"":"""",""OSL / B.O.O.B.I.E.S"":"""",""Other arousal"":"""",""VSU"":"""",""Heels"":""""}",https://staticdelivery.nexusmods.com/mods/1704/images/4372-13-1479275143.jpg,https://images.nexusmods.com/mod-images/1704/t/large/43/4372-13-1479275143.jpg,Existing category tag; verify against description if additional armor types are available.,NSFW
112,114,TRUE,TRUE,INCLUDE,DX Dark Knight Armor,DX Dark Knight Armor - UNP,DeserterX,https://www.nexusmods.com/skyrimspecialedition/users/3373573,https://www.nexusmods.com/skyrimspecialedition/mods/40775,Fantastical,Heavy,FALSE,TRUE,FALSE,Female,Military; Imperial,TRUE,FALSE,Unassigned,"{""SMP"":"""",""3BA"":"""",""HIMBO"":"""",""OSL / B.O.O.B.I.E.S"":"""",""Other arousal"":"""",""VSU"":"""",""Heels"":""""}",https://staticdelivery.nexusmods.com/mods/1704/images/40775/40775-1600943156-428167127.jpeg,https://staticdelivery.nexusmods.com/mods/1704/images/40775/40775-1600943156-428167127.jpeg,Existing category tag; verify against description if additional armor types are available.,NSFW
113,115,TRUE,TRUE,INCLUDE,DX Daughter of the Sea Armor,DX Daughter of the Sea Armor - UNP CBBE,DeserterX,https://www.nexusmods.com/skyrimspecialedition/users/3373573,https://www.nexusmods.com/skyrimspecialedition/mods/34595,Fantastical,Light,FALSE,TRUE,FALSE,Female,Maritime; Military,TRUE,FALSE,Unassigned,"{""SMP"":"""",""3BA"":"""",""HIMBO"":"""",""OSL / B.O.O.B.I.E.S"":"""",""Other arousal"":"""",""VSU"":"""",""Heels"":""""}",https://staticdelivery.nexusmods.com/mods/1704/images/4482/4482-1586603738-970055363.png,https://staticdelivery.nexusmods.com/mods/1704/images/4482/4482-1586603738-970055363.png,Existing category tag; verify against description if additional armor types are available.,NSFW
114,116,TRUE,TRUE,INCLUDE,DX Demon Armor,DX Demon Armor - UNP,DeserterX,https://www.nexusmods.com/skyrimspecialedition/users/3373573,https://www.nexusmods.com/skyrimspecialedition/mods/26269,Fantastical,Light,FALSE,TRUE,FALSE,Female,Daedra; Military,TRUE,FALSE,Unassigned,"{""SMP"":"""",""3BA"":"""",""HIMBO"":"""",""OSL / B.O.O.B.I.E.S"":"""",""Other arousal"":"""",""VSU"":"""",""Heels"":""""}",https://staticdelivery.nexusmods.com/mods/1704/images/4482/4482-1559566503-554684803.png,https://staticdelivery.nexusmods.com/mods/1704/images/4482/4482-1559566503-554684803.png,Existing category tag; verify against description if additional armor types are available.,NSFW
115,117,TRUE,TRUE,INCLUDE,DX Druid Armor,DX Druid Armor - UNP,DeserterX,https://www.nexusmods.com/skyrimspecialedition/users/3373573,https://www.nexusmods.com/skyrimspecialedition/mods/31005,Fantastical,Light,FALSE,TRUE,FALSE,Female,Nature,TRUE,FALSE,Unassigned,"{""SMP"":"""",""3BA"":"""",""HIMBO"":"""",""OSL / B.O.O.B.I.E.S"":"""",""Other arousal"":"""",""VSU"":"""",""Heels"":""""}",https://staticdelivery.nexusmods.com/mods/1704/images/31005/31005-1576397810-381325311.png,https://staticdelivery.nexusmods.com/mods/1704/images/31005/31005-1576397810-381325311.png,Existing category tag; verify against description if additional armor types are available.,NSFW
116,118,TRUE,TRUE,INCLUDE,DX Emfy Cleric Outfit,DX Emfy Cleric Outfit - UNP,DeserterX,https://www.nexusmods.com/skyrimspecialedition/users/3373573,https://www.nexusmods.com/skyrimspecialedition/mods/4853,Fantastical,Light,TRUE,FALSE,FALSE,Female,Divine; Civilian,TRUE,FALSE,Unassigned,"{""SMP"":"""",""3BA"":"""",""HIMBO"":"""",""OSL / B.O.O.B.I.E.S"":"""",""Other arousal"":"""",""VSU"":"""",""Heels"":""""}",https://staticdelivery.nexusmods.com/mods/1704/images/4853/4853-1564726589-216743570.png,https://staticdelivery.nexusmods.com/mods/1704/images/4853/4853-1564726589-216743570.png,Existing category tag; verify against description if additional armor types are available.,NSFW
218,220,TRUE,TRUE,INCLUDE,DX Fetish Fashion Volume 1,DX Fetish Fashion Volume 1 SE CBBE - 3BA - BHUNP,hwybee4996,https://www.nexusmods.com/skyrimspecialedition/users/38307240,https://www.nexusmods.com/skyrimspecialedition/mods/65998,Modern,Lingerie,TRUE,FALSE,FALSE,Female,Civilian,TRUE,FALSE,Cloth / Linen,"{""SMP"":"""",""3BA"":""PREBUILT"",""HIMBO"":""N/A"",""OSL / B.O.O.B.I.E.S"":"""",""Other arousal"":"""",""VSU"":"""",""Heels"":""""}",https://staticdelivery.nexusmods.com/mods/1704/images/65998/65998-1649484806-1641165175.png,https://staticdelivery.nexusmods.com/mods/1704/images/65998/65998-1649484806-1641165175.png,Existing category tag; verify against description if additional armor types are available.,NSFW
219,221,TRUE,TRUE,INCLUDE,DX Fetish Fashion Volume 2,DX Fetish Fashion Volume 2 SE - CBBE Physics - 3BA - BHUNP,hwybee4996,https://www.nexusmods.com/skyrimspecialedition/users/38307240,https://www.nexusmods.com/skyrimspecialedition/mods/70489,Modern,Lingerie,TRUE,FALSE,FALSE,Female,Civilian,TRUE,FALSE,Cloth / Linen,"{""SMP"":"""",""3BA"":""PREBUILT"",""HIMBO"":""N/A"",""OSL / B.O.O.B.I.E.S"":"""",""Other arousal"":"""",""VSU"":"""",""Heels"":""""}",https://staticdelivery.nexusmods.com/mods/1704/images/70489/70489-1657239318-801289083.png,https://staticdelivery.nexusmods.com/mods/1704/images/70489/70489-1657239318-801289083.png,Existing category tag; verify against description if additional armor types are available.,NSFW
117,119,TRUE,TRUE,INCLUDE,DX Gwelda Dawnguard Outfit,DX Gwelda Dawnguard Outfit - UNP,DeserterX,https://www.nexusmods.com/skyrimspecialedition/users/3373573,https://www.nexusmods.com/skyrimspecialedition/mods/4862,Fantastical,Light,FALSE,TRUE,FALSE,Female,Military; Civilian,TRUE,FALSE,Unassigned,"{""SMP"":"""",""3BA"":"""",""HIMBO"":"""",""OSL / B.O.O.B.I.E.S"":"""",""Other arousal"":"""",""VSU"":"""",""Heels"":""""}",https://staticdelivery.nexusmods.com/mods/1704/images/4862/4862-1564726984-1943064630.png,https://images.nexusmods.com/mod-images/1704/t/large/48/4862/4862-1564726984-1943064630.png,Existing category tag; verify against description if additional armor types are available.,NSFW
118,120,TRUE,TRUE,INCLUDE,DX Gwelda Red Riding Hood Outfit,DX Gwelda Red Riding Hood Outfit - UNP,DeserterX,https://www.nexusmods.com/skyrimspecialedition/users/3373573,https://www.nexusmods.com/skyrimspecialedition/mods/4805,Fantastical,Light,TRUE,FALSE,FALSE,Female,Civilian; Nature,TRUE,FALSE,Unassigned,"{""SMP"":"""",""3BA"":"""",""HIMBO"":"""",""OSL / B.O.O.B.I.E.S"":"""",""Other arousal"":"""",""VSU"":"""",""Heels"":""""}",https://staticdelivery.nexusmods.com/mods/1704/images/4805/4805-1564780765-498854146.png,https://staticdelivery.nexusmods.com/mods/1704/images/4805/4805-1564780765-498854146.png,Existing category tag; verify against description if additional armor types are available.,NSFW
119,121,TRUE,TRUE,INCLUDE,DX Gwelda Vampire Outfit,DX Gwelda Vampire Outfit - UNP,DeserterX,https://www.nexusmods.com/skyrimspecialedition/users/3373573,https://www.nexusmods.com/skyrimspecialedition/mods/25476,Fantastical,Light,TRUE,FALSE,FALSE,Female,Volkihar Vampire Clan; Occult,TRUE,FALSE,Unassigned,"{""SMP"":"""",""3BA"":"""",""HIMBO"":"""",""OSL / B.O.O.B.I.E.S"":"""",""Other arousal"":"""",""VSU"":"""",""Heels"":""""}",https://staticdelivery.nexusmods.com/mods/1704/images/25476/25476-1568077258-1605586574.png,https://staticdelivery.nexusmods.com/mods/1704/images/25476/25476-1568077258-1605586574.png,Existing category tag; verify against description if additional armor types are available.,NSFW
120,122,TRUE,TRUE,INCLUDE,DX Gwelda Witch Outfit,DX Gwelda Witch Outfit - UNP,DeserterX,https://www.nexusmods.com/skyrimspecialedition/users/3373573,https://www.nexusmods.com/skyrimspecialedition/mods/25511,Fantastical,Light,FALSE,TRUE,FALSE,Female,Nature,TRUE,TRUE,Unassigned,"{""SMP"":"""",""3BA"":"""",""HIMBO"":"""",""OSL / B.O.O.B.I.E.S"":"""",""Other arousal"":"""",""VSU"":"""",""Heels"":""""}",https://staticdelivery.nexusmods.com/mods/1704/images/25511/25511-1557260696-158099851.jpeg,https://staticdelivery.nexusmods.com/mods/1704/images/25511/25511-1557260696-158099851.jpeg,Existing category tag; verify against description if additional armor types are available.,NSFW
121,123,TRUE,TRUE,INCLUDE,DX Merta Assassin Outfit,DX Merta Assassin Outfit - UNP,DeserterX,https://www.nexusmods.com/skyrimspecialedition/users/3373573,https://www.nexusmods.com/skyrimspecialedition/mods/4278,Fantastical,Light,FALSE,TRUE,FALSE,Female,Assassin; Thieves Guild,TRUE,FALSE,Unassigned,"{""SMP"":"""",""3BA"":"""",""HIMBO"":"""",""OSL / B.O.O.B.I.E.S"":"""",""Other arousal"":"""",""VSU"":"""",""Heels"":""""}",https://staticdelivery.nexusmods.com/mods/1704/images/4278/4278-1564726211-1452874682.png,https://staticdelivery.nexusmods.com/mods/1704/images/4278/4278-1564726211-1452874682.png,Existing category tag; verify against description if additional armor types are available.,NSFW
122,124,TRUE,TRUE,INCLUDE,DX Merta Black Rose Outfit,DX Merta Black Rose Outfit - UNP,DeserterX,https://www.nexusmods.com/skyrimspecialedition/users/3373573,https://www.nexusmods.com/skyrimspecialedition/mods/4843,Fantastical,Lingerie; Light,TRUE,FALSE,FALSE,Female,Assassin; Occult,TRUE,FALSE,Unassigned,"{""SMP"":"""",""3BA"":"""",""HIMBO"":"""",""OSL / B.O.O.B.I.E.S"":"""",""Other arousal"":"""",""VSU"":"""",""Heels"":""""}",https://staticdelivery.nexusmods.com/mods/110/images/61012-1-1436262331.png,https://staticdelivery.nexusmods.com/mods/110/images/61012-1-1436262331.png,Existing category tag; verify against description if additional armor types are available.,NSFW
123,125,TRUE,TRUE,INCLUDE,DX Morenn Outfit,DX Morenn Outfit - UNP,DeserterX,https://www.nexusmods.com/skyrimspecialedition/users/3373573,https://www.nexusmods.com/skyrimspecialedition/mods/41655,Fantastical,Light,TRUE,FALSE,FALSE,Female,Nature,TRUE,FALSE,Unassigned,"{""SMP"":"""",""3BA"":"""",""HIMBO"":"""",""OSL / B.O.O.B.I.E.S"":"""",""Other arousal"":"""",""VSU"":"""",""Heels"":""""}",https://staticdelivery.nexusmods.com/mods/1704/images/41655/41655-1603436018-395543932.png,https://images.nexusmods.com/mod-images/1704/t/large/41/41655/41655-1603436018-395543932.png,Existing category tag; verify against description if additional armor types are available.,NSFW
124,126,TRUE,TRUE,INCLUDE,DX Necromancer Robes,DX Necromancer Robes - UNP,DeserterX,https://www.nexusmods.com/skyrimspecialedition/users/3373573,https://www.nexusmods.com/skyrimspecialedition/mods/38201,Fantastical,Light,TRUE,FALSE,FALSE,Female,Occult; Arcane,TRUE,FALSE,Unassigned,"{""SMP"":"""",""3BA"":"""",""HIMBO"":"""",""OSL / B.O.O.B.I.E.S"":"""",""Other arousal"":"""",""VSU"":"""",""Heels"":""""}",https://staticdelivery.nexusmods.com/mods/1704/images/38201/38201-1594713977-32108543.jpeg,https://images.nexusmods.com/mod-images/1704/t/large/38/38201/38201-1594713977-32108543.jpeg,Existing category tag; verify against description if additional armor types are available.,NSFW
125,127,TRUE,TRUE,INCLUDE,DX Sotteta Huntress Outfit,DX Sotteta Huntress Outfit - UNP,DeserterX,https://www.nexusmods.com/skyrimspecialedition/users/3373573,https://www.nexusmods.com/skyrimspecialedition/mods/25370,Fantastical,Lingerie; Light,TRUE,FALSE,FALSE,Female,Nature,TRUE,FALSE,Unassigned,"{""SMP"":"""",""3BA"":"""",""HIMBO"":"""",""OSL / B.O.O.B.I.E.S"":"""",""Other arousal"":"""",""VSU"":"""",""Heels"":""""}",https://staticdelivery.nexusmods.com/mods/1704/images/25370/25370-1565059918-1333202193.png,https://images.nexusmods.com/mod-images/1704/t/large/25/25370/25370-1565059918-1333202193.png,Existing category tag; verify against description if additional armor types are available.,NSFW
126,128,TRUE,TRUE,INCLUDE,DX Sotteta Necromancer Outfit,DX Sotteta Necromancer Outfit - UNP,DeserterX,https://www.nexusmods.com/skyrimspecialedition/users/3373573,https://www.nexusmods.com/skyrimspecialedition/mods/4306,Fantastical,Light,TRUE,FALSE,FALSE,Female,Occult; Arcane,TRUE,FALSE,Unassigned,"{""SMP"":"""",""3BA"":"""",""HIMBO"":"""",""OSL / B.O.O.B.I.E.S"":"""",""Other arousal"":"""",""VSU"":"""",""Heels"":""""}",https://staticdelivery.nexusmods.com/mods/1704/images/4306-6-1479209103.jpg,https://staticdelivery.nexusmods.com/mods/1704/images/4306-6-1479209103.jpg,Existing category tag; verify against description if additional armor types are available.,NSFW
127,129,TRUE,TRUE,INCLUDE,DX Spartan Bard Outfit,DX Spartan Bard Outfit - UNP,DeserterX,https://www.nexusmods.com/skyrimspecialedition/users/3373573,https://www.nexusmods.com/skyrimspecialedition/mods/27015,Fantastical,Light,TRUE,FALSE,FALSE,Female,Civilian; Bards College,TRUE,FALSE,Unassigned,"{""SMP"":"""",""3BA"":"""",""HIMBO"":"""",""OSL / B.O.O.B.I.E.S"":"""",""Other arousal"":"""",""VSU"":"""",""Heels"":""""}",https://staticdelivery.nexusmods.com/mods/1704/images/4482/4482-1561779416-938807466.png,https://staticdelivery.nexusmods.com/mods/1704/images/4482/4482-1561779416-938807466.png,Existing category tag; verify against description if additional armor types are available.,NSFW
128,130,TRUE,TRUE,INCLUDE,DX Stella Mithril Armor,DX Stella Mithril Armor - UNP,DeserterX,https://www.nexusmods.com/skyrimspecialedition/users/3373573,https://www.nexusmods.com/skyrimspecialedition/mods/26653,Fantastical,Light,FALSE,TRUE,FALSE,Female,Military; Royal; Divine,TRUE,FALSE,Unassigned,"{""SMP"":"""",""3BA"":"""",""HIMBO"":"""",""OSL / B.O.O.B.I.E.S"":"""",""Other arousal"":"""",""VSU"":"""",""Heels"":""""}",https://staticdelivery.nexusmods.com/mods/1704/images/26653/26653-1568497334-874668223.png,https://staticdelivery.nexusmods.com/mods/1704/images/26653/26653-1568497334-874668223.png,Existing category tag; verify against description if additional armor types are available.,NSFW
129,131,TRUE,TRUE,INCLUDE,DX Succubus (Mazken) Armor,DX Succubus (Mazken) Armor - UNP,DeserterX,https://www.nexusmods.com/skyrimspecialedition/users/3373573,https://www.nexusmods.com/skyrimspecialedition/mods/36642,Fantastical,Light,FALSE,TRUE,FALSE,Female,Daedra; Military,TRUE,FALSE,Unassigned,"{""SMP"":"""",""3BA"":"""",""HIMBO"":"""",""OSL / B.O.O.B.I.E.S"":"""",""Other arousal"":"""",""VSU"":"""",""Heels"":""""}",https://staticdelivery.nexusmods.com/mods/1704/images/36642/36642-1590913437-1932949716.jpeg,https://staticdelivery.nexusmods.com/mods/1704/images/36642/36642-1590913437-1932949716.jpeg,Existing category tag; verify against description if additional armor types are available.,NSFW
130,132,TRUE,TRUE,INCLUDE,DX Tembtra Thief Outfit,DX Tembtra Thief Outfit - UNP,DeserterX,https://www.nexusmods.com/skyrimspecialedition/users/3373573,https://www.nexusmods.com/skyrimspecialedition/mods/4292,Fantastical,Light,FALSE,TRUE,FALSE,Female,Assassin; Civilian,TRUE,FALSE,Unassigned,"{""SMP"":"""",""3BA"":"""",""HIMBO"":"""",""OSL / B.O.O.B.I.E.S"":"""",""Other arousal"":"""",""VSU"":"""",""Heels"":""""}",https://staticdelivery.nexusmods.com/mods/1704/images/4292/4292-1564725578-841710361.png,https://images.nexusmods.com/mod-images/1704/t/large/42/4292/4292-1564725578-841710361.png,Existing category tag; verify against description if additional armor types are available.,NSFW
131,133,TRUE,TRUE,INCLUDE,DX Ursine Armor Pack,DX Ursine Armor Pack - UNP,DeserterX,https://www.nexusmods.com/skyrimspecialedition/users/3373573,https://www.nexusmods.com/skyrimspecialedition/mods/3905,Fantastical,Light,FALSE,TRUE,FALSE,Female,Military; Nature,TRUE,TRUE,Unassigned,"{""SMP"":"""",""3BA"":"""",""HIMBO"":"""",""OSL / B.O.O.B.I.E.S"":"""",""Other arousal"":"""",""VSU"":"""",""Heels"":""""}",https://staticdelivery.nexusmods.com/mods/1704/images/3905-7-1478941003.jpg,https://staticdelivery.nexusmods.com/mods/1704/images/3905-7-1478941003.jpg,Existing category tag; verify against description if additional armor types are available.,NSFW
132,134,TRUE,TRUE,INCLUDE,DX Wild Huntress Outfit,DX Wild Huntress Outfit - UNP,DeserterX,https://www.nexusmods.com/skyrimspecialedition/users/3373573,https://www.nexusmods.com/skyrimspecialedition/mods/25496,Fantastical,Light,TRUE,FALSE,FALSE,Female,Nature; Civilian,TRUE,FALSE,Unassigned,"{""SMP"":"""",""3BA"":"""",""HIMBO"":"""",""OSL / B.O.O.B.I.E.S"":"""",""Other arousal"":"""",""VSU"":"""",""Heels"":""""}",https://staticdelivery.nexusmods.com/mods/1704/images/25496/25496-1565279017-916181938.png,https://staticdelivery.nexusmods.com/mods/1704/images/25496/25496-1565279017-916181938.png,Existing category tag; verify against description if additional armor types are available.,NSFW
133,135,TRUE,TRUE,INCLUDE,DX Witch Hunter Armor,DX Witch Hunter Armor - UNP,DeserterX,https://www.nexusmods.com/skyrimspecialedition/users/3373573,https://www.nexusmods.com/skyrimspecialedition/mods/32318,Fantastical,Light,FALSE,TRUE,FALSE,Female,Occult; Military,TRUE,FALSE,Unassigned,"{""SMP"":"""",""3BA"":"""",""HIMBO"":"""",""OSL / B.O.O.B.I.E.S"":"""",""Other arousal"":"""",""VSU"":"""",""Heels"":""""}",https://staticdelivery.nexusmods.com/mods/1704/images/32318/32318-1580699788-1967275005.png,https://images.nexusmods.com/mod-images/1704/t/large/32/32318/32318-1580699788-1967275005.png,Existing category tag; verify against description if additional armor types are available.,NSFW
134,136,TRUE,TRUE,INCLUDE,DX Witcher Armor,DX Witcher Armor - UNP,DeserterX,https://www.nexusmods.com/skyrimspecialedition/users/3373573,https://www.nexusmods.com/skyrimspecialedition/mods/33034,Fantastical,Light,FALSE,TRUE,FALSE,Female,Occult; Military,TRUE,FALSE,Unassigned,"{""SMP"":"""",""3BA"":"""",""HIMBO"":"""",""OSL / B.O.O.B.I.E.S"":"""",""Other arousal"":"""",""VSU"":"""",""Heels"":""""}",https://staticdelivery.nexusmods.com/mods/1704/images/33034/33034-1582606110-1902790691.png,https://images.nexusmods.com/mod-images/1704/t/large/33/33034/33034-1582606110-1902790691.png,Existing category tag; verify against description if additional armor types are available.,NSFW
304,307,TRUE,TRUE,INCLUDE,Eastern Brassplate Set,Eastern Brassplate Set,Pulcharmsolis,https://www.nexusmods.com/skyrimspecialedition/users/122433248,https://www.nexusmods.com/skyrimspecialedition/mods/109000,Grounded,Heavy,FALSE,FALSE,TRUE,Male; Female,Military,FALSE,FALSE,H7 - Dragon Plate,"{""SMP"":"""",""3BA"":""https://www.nexusmods.com/skyrimspecialedition/mods/122488"",""HIMBO"":""https://www.nexusmods.com/skyrimspecialedition/mods/125983"",""OSL / B.O.O.B.I.E.S"":"""",""Other arousal"":"""",""VSU"":"""",""Heels"":""""}",https://staticdelivery.nexusmods.com/mods/1704/images/109000/109000-1705505979-1337849709.jpeg,https://images.nexusmods.com/mod-images/1704/t/large/10/109000/109000-1705505979-1337849709.jpeg,Existing category tag; verify against description if additional armor types are available.,Standard
305,308,TRUE,TRUE,INCLUDE,Easthold Totemic Set,Easthold Totemic Set,Pulcharmsolis,https://www.nexusmods.com/skyrimspecialedition/users/122433248,https://www.nexusmods.com/skyrimspecialedition/mods/100401,Grounded,Heavy,FALSE,FALSE,TRUE,Male; Female,Nord; Cultists,FALSE,FALSE,H1 - Iron,"{""SMP"":"""",""3BA"":""https://www.nexusmods.com/skyrimspecialedition/mods/122489"",""HIMBO"":""https://www.nexusmods.com/skyrimspecialedition/mods/127818"",""OSL / B.O.O.B.I.E.S"":"""",""Other arousal"":"""",""VSU"":"""",""Heels"":""""}",https://staticdelivery.nexusmods.com/mods/1704/images/100401/100401-1695454864-1268422624.jpeg,https://images.nexusmods.com/mod-images/1704/t/large/10/100401/100401-1695454864-1268422624.jpeg,Existing category tag; verify against description if additional armor types are available.,Standard
266,269,TRUE,TRUE,INCLUDE,Eclipse Seductress,Obi's Eclipse Seductress 3BA 2K,Obicnii,https://www.nexusmods.com/skyrimspecialedition/users/59154696,https://www.nexusmods.com/skyrimspecialedition/mods/111725,Grounded,Cloth,TRUE,FALSE,FALSE,Female,Daedra; Occult,FALSE,FALSE,Cloth / Linen,"{""SMP"":"""",""3BA"":""PREBUILT"",""HIMBO"":""N/A"",""OSL / B.O.O.B.I.E.S"":"""",""Other arousal"":"""",""VSU"":"""",""Heels"":""""}",https://staticdelivery.nexusmods.com/mods/1704/images/111725/111725-1708161506-1837603202.png,https://images.nexusmods.com/mod-images/1704/t/large/11/111725/111725-1708161506-1837603202.png,Existing category tag; verify against description if additional armor types are available.,NSFW
139,141,TRUE,TRUE,INCLUDE,Egil's Demon Hunter,BHUNP Egil's Demon Hunter,egilvar,https://www.nexusmods.com/skyrimspecialedition/users/48984813,https://www.nexusmods.com/skyrimspecialedition/mods/69374,Fantastical,Light,FALSE,TRUE,FALSE,Female,Daedra; Beast,FALSE,FALSE,L7 - Elven,"{""SMP"":"""",""3BA"":""https://www.nexusmods.com/Core/Libs/Common/Widgets/DownloadPopUp?id=290579&game_id=1704"",""HIMBO"":""N/A"",""OSL / B.O.O.B.I.E.S"":"""",""Other arousal"":"""",""VSU"":"""",""Heels"":""""}",https://i.ibb.co/wBwmmKg/Page-Cover.png,https://i.ibb.co/wBwmmKg/Page-Cover.png,Existing category tag; verify against description if additional armor types are available.,NSFW
179,181,TRUE,TRUE,INCLUDE,Einherjr Armor,Einherjr Armor 3BA-BHUNP-CBBE-UNP,FafnyB,https://www.nexusmods.com/skyrimspecialedition/users/5275607,https://www.nexusmods.com/skyrimspecialedition/mods/112692,Grounded,Light,FALSE,TRUE,FALSE,Female,Military; Nord,TRUE,TRUE,L6 - Chitin,"{""SMP"":""https://www.nexusmods.com/skyrimspecialedition/mods/112927"",""3BA"":""PREBUILT"",""HIMBO"":""N/A"",""OSL / B.O.O.B.I.E.S"":"""",""Other arousal"":"""",""VSU"":"""",""Heels"":""""}",https://staticdelivery.nexusmods.com/mods/1704/images/112692/112692-1709114328-1873496007.png,https://images.nexusmods.com/mod-images/1704/t/large/11/112692/112692-1709114328-1873496007.png,Existing category tag; verify against description if additional armor types are available.,Standard
229,231,TRUE,TRUE,INCLUDE,Elegant Explorer,J3 Elegant Explorer 3BA,J0suk3,https://www.nexusmods.com/skyrimspecialedition/users/85241943,https://www.nexusmods.com/skyrimspecialedition/mods/126956,Grounded,Cloth,TRUE,FALSE,FALSE,Female,Civilian; Nature,FALSE,FALSE,Cloth / Linen,"{""SMP"":"""",""3BA"":""PREBUILT"",""HIMBO"":""N/A"",""OSL / B.O.O.B.I.E.S"":"""",""Other arousal"":"""",""VSU"":"""",""Heels"":""""}",https://staticdelivery.nexusmods.com/mods/1704/images/126956/126956-1723897282-1549306232.png,https://images.nexusmods.com/mod-images/1704/t/large/12/126956/126956-1723897282-1549306232.png,Existing category tag; verify against description if additional armor types are available.,NSFW
9,9,TRUE,TRUE,INCLUDE,Elegant Merchant Clothes,Elegant Merchant Clothes 3BA-SMP,ak0d,https://www.nexusmods.com/skyrimspecialedition/users/40406455,https://www.nexusmods.com/skyrimspecialedition/mods/148167,Grounded,Cloth,TRUE,FALSE,FALSE,Female,Civilian,TRUE,TRUE,Cloth / Linen,"{""SMP"":"""",""3BA"":""PREBUILT"",""HIMBO"":""N/A"",""OSL / B.O.O.B.I.E.S"":""https://www.nexusmods.com/skyrimspecialedition/mods/106672"",""Other arousal"":"""",""VSU"":""https://www.nexusmods.com/skyrimspecialedition/mods/145905"",""Heels"":""""}",https://staticdelivery.nexusmods.com/mods/1704/images/148167/148167-1745100965-1205078051.png,https://images.nexusmods.com/mod-images/1704/t/large/14/148167/148167-1745100965-1205078051.png,Existing category tag; verify against description if additional armor types are available.,NSFW
348,351,TRUE,TRUE,INCLUDE,Dilirogue,[Ellxe] Dilirogue,Ellxe,,https://www.nexusmods.com/skyrimspecialedition/mods/163298,Grounded,Light,FALSE,TRUE,FALSE,Female,Assassin; Thieves Guild,TRUE,TRUE,Unassigned,"{""SMP"":"""",""3BA"":"""",""HIMBO"":"""",""OSL / B.O.O.B.I.E.S"":"""",""Other arousal"":"""",""VSU"":"""",""Heels"":""""}",https://staticdelivery.nexusmods.com/mods/1704/images/163298/163298-1765604250-657497727.jpg,https://staticdelivery.nexusmods.com/mods/1704/images/163298/163298-1765604250-657497727.jpg,Existing category tag; verify against description if additional armor types are available.,NSFW
239,241,TRUE,TRUE,INCLUDE,Elmlock Armor and Blade,Elmlock Armor and Blade (CBBE - HIMBO),Kreiste,https://www.nexusmods.com/skyrimspecialedition/users/5321695,https://www.nexusmods.com/skyrimspecialedition/mods/105930,Grounded,Light,FALSE,TRUE,FALSE,Male; Female,Military; Nature,FALSE,FALSE,L7 - Elven,"{""SMP"":""https://www.nexusmods.com/skyrimspecialedition/mods/115860"",""3BA"":""PREBUILT"",""HIMBO"":""N/A"",""OSL / B.O.O.B.I.E.S"":"""",""Other arousal"":"""",""VSU"":"""",""Heels"":""""}",https://staticdelivery.nexusmods.com/mods/1704/images/105930/105930-1702248718-963333756.png,https://images.nexusmods.com/mod-images/1704/t/large/10/105930/105930-1702248718-963333756.png,Existing category tag; verify against description if additional armor types are available.,Standard
150,152,TRUE,TRUE,INCLUDE,Elle's Elven Assssin,Elven Assasin 3BA,Ellxe,https://www.nexusmods.com/skyrimspecialedition/users/31116590,https://www.nexusmods.com/skyrimspecialedition/mods/128383,Grounded,Light,FALSE,TRUE,FALSE,Female,Assassin; Bosmer; Thalmor; Thieves Guild,TRUE,TRUE,L9 - Elven Gilded,"{""SMP"":"""",""3BA"":"""",""HIMBO"":"""",""OSL / B.O.O.B.I.E.S"":"""",""Other arousal"":"""",""VSU"":"""",""Heels"":""""}",https://staticdelivery.nexusmods.com/mods/1704/images/128383/128383-1765614646-102597456.jpg,https://images.nexusmods.com/mod-images/1704/t/large/12/128383/128383-1765614646-102597456.jpg,Existing category tag; verify against description if additional armor types are available.,NSFW
253,256,TRUE,TRUE,INCLUDE,Obi's Elven Assassin,Elven Assassin,Obicnii,https://www.nexusmods.com/skyrimspecialedition/users/59154696,https://www.nexusmods.com/skyrimspecialedition/mods/152714,Grounded,Light,FALSE,TRUE,FALSE,Female,Bosmer; Thalmor; Assassin,FALSE,FALSE,L5 - Leather,"{""SMP"":"""",""3BA"":""PREBUILT"",""HIMBO"":""N/A"",""OSL / B.O.O.B.I.E.S"":"""",""Other arousal"":"""",""VSU"":"""",""Heels"":""""}",https://staticdelivery.nexusmods.com/mods/1704/images/152714/152714-1750481868-882808777.jpg,https://staticdelivery.nexusmods.com/mods/1704/images/152714/152714-1750481868-882808777.jpg,Existing category tag; verify against description if additional armor types are available.,NSFW
188,190,TRUE,TRUE,INCLUDE,Elven Enforcer Armor,Elven Enforcer Armor,furexarot,https://www.nexusmods.com/skyrimspecialedition/users/120770913,https://www.nexusmods.com/skyrimspecialedition/mods/109638,Grounded,Light,FALSE,TRUE,FALSE,Male; Female,Military; Thalmor,FALSE,FALSE,L7 - Elven,"{""SMP"":"""",""3BA"":""https://www.nexusmods.com/Core/Libs/Common/Widgets/DownloadPopUp?id=464072&game_id=1704"",""HIMBO"":""https://www.nexusmods.com/skyrimspecialedition/mods/128305"",""OSL / B.O.O.B.I.E.S"":"""",""Other arousal"":"""",""VSU"":"""",""Heels"":""""}",https://staticdelivery.nexusmods.com/mods/1704/images/109638/109638-1705679558-1638641914.png,https://images.nexusmods.com/mod-images/1704/t/large/10/109638/109638-1705679558-1638641914.png,Existing category tag; verify against description if additional armor types are available.,Standard
151,153,TRUE,TRUE,INCLUDE,Elven Lake,Elven Lake 3BA,Ellxe,https://www.nexusmods.com/skyrimspecialedition/users/31116590,https://www.nexusmods.com/skyrimspecialedition/mods/82865,Fantastical,Cloth,TRUE,FALSE,FALSE,Female,Bosmer; Nature,FALSE,FALSE,Cloth / Linen,"{""SMP"":"""",""3BA"":"""",""HIMBO"":"""",""OSL / B.O.O.B.I.E.S"":"""",""Other arousal"":"""",""VSU"":"""",""Heels"":""""}",https://staticdelivery.nexusmods.com/mods/1704/images/82865/82865-1765006009-1301633907.png,https://images.nexusmods.com/mod-images/1704/t/large/82/82865/82865-1765006009-1301633907.png,Existing category tag; verify against description if additional armor types are available.,NSFW
16,16,TRUE,TRUE,INCLUDE,Elven Sentry Armor,Elven Sentry Armor,AokiliMods,https://www.nexusmods.com/skyrimspecialedition/users/4747368,https://www.nexusmods.com/skyrimspecialedition/mods/146083,Fantastical,Light; Heavy,FALSE,FALSE,TRUE,Female,Dawnguard; Thalmor; Bosmer,TRUE,FALSE,H5 - Steel Plate,"{""SMP"":"""",""3BA"":""PREBUILT"",""HIMBO"":""N/A"",""OSL / B.O.O.B.I.E.S"":""https://www.nexusmods.com/skyrimspecialedition/mods/106672"",""Other arousal"":"""",""VSU"":"""",""Heels"":""https://www.nexusmods.com/skyrimspecialedition/mods/144402""}",https://staticdelivery.nexusmods.com/mods/1704/images/146083/146083-1743254633-775252246.jpeg,https://images.nexusmods.com/mod-images/1704/t/large/14/146083/146083-1743254633-775252246.jpeg,Existing category tag; verify against description if additional armor types are available.,NSFW
49,50,TRUE,TRUE,INCLUDE,Elvenia Armor,Elvenia Armor,contentcat,https://www.nexusmods.com/skyrimspecialedition/users/69093453,https://www.nexusmods.com/skyrimspecialedition/mods/142291,Fantastical,Light,FALSE,TRUE,FALSE,Female,Thalmor; Bosmer,TRUE,FALSE,L7 - Elven,"{""SMP"":"""",""3BA"":""PREBUILT"",""HIMBO"":""N/A"",""OSL / B.O.O.B.I.E.S"":""https://www.nexusmods.com/skyrimspecialedition/mods/106672"",""Other arousal"":"""",""VSU"":"""",""Heels"":""https://www.nexusmods.com/skyrimspecialedition/mods/144402""}",https://staticdelivery.nexusmods.com/mods/1704/images/142291/142291-1739987859-403149333.png,https://staticdelivery.nexusmods.com/mods/1704/images/142291/142291-1739987859-403149333.png,Existing category tag; verify against description if additional armor types are available.,NSFW
66,67,TRUE,TRUE,INCLUDE,Ember Skies,Ember Skies,DarkDukla,https://www.nexusmods.com/skyrimspecialedition/users/18292594,https://www.nexusmods.com/skyrimspecialedition/mods/137029,Grounded,Light,FALSE,TRUE,FALSE,Female,Assassin; Thieves Guild,TRUE,FALSE,L6 - Chitin,"{""SMP"":"""",""3BA"":""PREBUILT"",""HIMBO"":""N/A"",""OSL / B.O.O.B.I.E.S"":"""",""Other arousal"":"""",""VSU"":"""",""Heels"":""""}",https://staticdelivery.nexusmods.com/mods/1704/images/137029/137029-1734898200-1548922129.png,https://images.nexusmods.com/mod-images/1704/t/large/13/137029/137029-1734898200-1548922129.png,Existing category tag; verify against description if additional armor types are available.,Standard
208,210,TRUE,TRUE,INCLUDE,Endless Misery Bodysuit,Endless Misery Bodysuit,Grimlook33,https://www.nexusmods.com/skyrimspecialedition/users/12969605,https://www.nexusmods.com/skyrimspecialedition/mods/136947,Modern,Light,FALSE,TRUE,FALSE,Female,Daedra,FALSE,FALSE,L5 - Leather,"{""SMP"":"""",""3BA"":""PREBUILT"",""HIMBO"":""N/A"",""OSL / B.O.O.B.I.E.S"":"""",""Other arousal"":"""",""VSU"":"""",""Heels"":""""}",https://staticdelivery.nexusmods.com/mods/1704/images/136947/136947-1734824423-95183166.png,https://staticdelivery.nexusmods.com/mods/1704/images/136947/136947-1734824423-95183166.png,Existing category tag; verify against description if additional armor types are available.,NSFW
255,258,TRUE,TRUE,INCLUDE,Eve's Sunfire Armor,Obi Eve's Sunfire Armor 3BA BHUNP UBE,Obicnii,https://www.nexusmods.com/skyrimspecialedition/users/59154696,https://www.nexusmods.com/skyrimspecialedition/mods/140366,Fantastical,Heavy,FALSE,FALSE,TRUE,Female,Military; Divine,FALSE,FALSE,H7 - Dragon Plate,"{""SMP"":"""",""3BA"":""https://www.nexusmods.com/Core/Libs/Common/Widgets/DownloadPopUp?id=589465&game_id=1704"",""HIMBO"":""N/A"",""OSL / B.O.O.B.I.E.S"":"""",""Other arousal"":"""",""VSU"":"""",""Heels"":""""}",https://staticdelivery.nexusmods.com/mods/1704/images/140366/140366-1738383244-1398581293.jpeg,https://images.nexusmods.com/mod-images/1704/t/large/14/140366/140366-1738383244-1398581293.jpeg,Existing category tag; verify against description if additional armor types are available.,NSFW
200,202,TRUE,TRUE,INCLUDE,Eyepatch and Eyewear Collection,Eyepatch and Eyewear Collection,ghouls0rules,https://www.nexusmods.com/skyrimspecialedition/users/1537468,https://www.nexusmods.com/skyrimspecialedition/mods/145242,Grounded,Accessories,FALSE,FALSE,FALSE,Male; Female,Civilian,FALSE,FALSE,Unassigned,"{""SMP"":"""",""3BA"":""N/A"",""HIMBO"":""N/A"",""OSL / B.O.O.B.I.E.S"":"""",""Other arousal"":"""",""VSU"":"""",""Heels"":""""}",https://staticdelivery.nexusmods.com/mods/1704/images/145242/145242-1742493003-1916829170.png,https://images.nexusmods.com/mod-images/1704/t/large/14/145242/145242-1742493003-1916829170.png,"Description audit required: no Clothing, Light, or Heavy tag currently present.",Standard
50,51,TRUE,TRUE,INCLUDE,Eyren Ambassador of Darkness,Eyren Ambassador of Darkness,contentcat,https://www.nexusmods.com/skyrimspecialedition/users/69093453,https://www.nexusmods.com/skyrimspecialedition/mods/114629,Fantastical,Light,FALSE,TRUE,FALSE,Female,Civilian,FALSE,FALSE,L5 - Leather,"{""SMP"":"""",""3BA"":""PREBUILT"",""HIMBO"":""N/A"",""OSL / B.O.O.B.I.E.S"":"""",""Other arousal"":"""",""VSU"":"""",""Heels"":""""}",https://staticdelivery.nexusmods.com/mods/1704/images/114629/114629-1710987687-809264845.jpeg,https://images.nexusmods.com/mod-images/1704/t/large/11/114629/114629-1710987687-809264845.jpeg,Existing category tag; verify against description if additional armor types are available.,NSFW
78,80,TRUE,TRUE,INCLUDE,Fairy Queen,COCO Fairy Queen - CBBE-TBD-UUNP SE,Daymarr,https://www.nexusmods.com/skyrimspecialedition/users/8194845,https://www.nexusmods.com/skyrimspecialedition/mods/82260,Fantastical,Cloth,TRUE,FALSE,FALSE,Female,Royal; Divine,TRUE,TRUE,Cloth / Linen,"{""SMP"":"""",""3BA"":""PREBUILT"",""HIMBO"":""N/A"",""OSL / B.O.O.B.I.E.S"":""https://www.nexusmods.com/skyrimspecialedition/mods/106672"",""Other arousal"":"""",""VSU"":"""",""Heels"":""https://www.nexusmods.com/skyrimspecialedition/mods/144402""}",https://staticdelivery.nexusmods.com/mods/1704/images/82260/82260-1673147544-765835273.jpeg,https://images.nexusmods.com/mod-images/1704/t/large/82/82260/82260-1673147544-765835273.jpeg,Existing category tag; verify against description if additional armor types are available.,NSFW
207,209,TRUE,TRUE,INCLUDE,Fashions of The Huntsmen,Fashions of The Huntsmen,GolinskiPRH,https://www.nexusmods.com/skyrimspecialedition/users/72664818,https://www.nexusmods.com/skyrimspecialedition/mods/75837,Grounded,Light,FALSE,TRUE,FALSE,Male; Female,Nature; Civilian,TRUE,FALSE,Unassigned,"{""SMP"":"""",""3BA"":""https://www.nexusmods.com/Core/Libs/Common/Widgets/DownloadPopUp?id=318823&game_id=1704&nmm=1"",""HIMBO"":""https://www.nexusmods.com/Core/Libs/Common/Widgets/DownloadPopUp?id=318820&game_id=1704&nmm=1"",""OSL / B.O.O.B.I.E.S"":"""",""Other arousal"":"""",""VSU"":"""",""Heels"":""""}",https://staticdelivery.nexusmods.com/mods/1704/images/75837/75837-1664024221-2109843773.png,https://images.nexusmods.com/mod-images/1704/t/large/75/75837/75837-1664024221-2109843773.png,Existing category tag; verify against description if additional armor types are available.,Standard
152,154,TRUE,TRUE,INCLUDE,Fawnia,ELLE - Fawnia,Ellxe,https://www.nexusmods.com/skyrimspecialedition/users/31116590,https://www.nexusmods.com/skyrimspecialedition/mods/160044,Grounded,Light,FALSE,TRUE,FALSE,Female,Nature; Beast,FALSE,TRUE,TRUE,"{""SMP"":"""",""3BA"":"""",""HIMBO"":"""",""OSL / B.O.O.B.I.E.S"":"""",""Other arousal"":"""",""VSU"":"""",""Heels"":""""}",https://staticdelivery.nexusmods.com/mods/1704/images/160044/160044-1765614858-1106691834.jpg,https://images.nexusmods.com/mod-images/1704/t/large/16/160044/160044-1765614858-1106691834.jpg,Existing category tag; verify against description if additional armor types are available.,NSFW
230,232,TRUE,TRUE,INCLUDE,Fishnet Fashion,J3 Fishnet Fashion 3BA,J0suk3,https://www.nexusmods.com/skyrimspecialedition/users/85241943,https://www.nexusmods.com/skyrimspecialedition/mods/103069,Modern,Lingerie; Cloth,TRUE,FALSE,FALSE,Female,Volkihar Vampire Clan; Civilian,FALSE,FALSE,Cloth / Linen,"{""SMP"":"""",""3BA"":""PREBUILT"",""HIMBO"":""N/A"",""OSL / B.O.O.B.I.E.S"":"""",""Other arousal"":"""",""VSU"":"""",""Heels"":""""}",https://i.imgur.com/vJvDC4v.png,https://i.imgur.com/vJvDC4v.png,Existing category tag; verify against description if additional armor types are available.,NSFW
7,7,TRUE,TRUE,INCLUDE,Fleet Knight Set,Fleet Knight Set,ahzidaljun,https://www.nexusmods.com/skyrimspecialedition/users/19496809,https://www.nexusmods.com/skyrimspecialedition/mods/95009,Grounded,Heavy,FALSE,FALSE,TRUE,Female,Military; Divine; Royal,TRUE,TRUE,H5 - Steel Plate,"{""SMP"":""https://www.nexusmods.com/skyrimspecialedition/mods/96944"",""3BA"":""PREBUILT"",""HIMBO"":""https://www.nexusmods.com/skyrimspecialedition/mods/108920"",""OSL / B.O.O.B.I.E.S"":"""",""Other arousal"":"""",""VSU"":""https://www.nexusmods.com/skyrimspecialedition/mods/119821"",""Heels"":""""}",https://staticdelivery.nexusmods.com/mods/1704/images/95009/95009-1688585858-614770894.png,https://staticdelivery.nexusmods.com/mods/1704/images/95009/95009-1688585858-614770894.png,Existing category tag; verify against description if additional armor types are available.,NSFW
267,270,TRUE,TRUE,INCLUDE,Forest Attire,Obi's Forest Attire 3BA SMP,Obicnii,https://www.nexusmods.com/skyrimspecialedition/users/59154696,https://www.nexusmods.com/skyrimspecialedition/mods/106459,Grounded,Light,FALSE,TRUE,FALSE,Female,Bosmer; Nature,FALSE,FALSE,L2 - Fur,"{""SMP"":"""",""3BA"":""PREBUILT"",""HIMBO"":""N/A"",""OSL / B.O.O.B.I.E.S"":"""",""Other arousal"":"""",""VSU"":"""",""Heels"":""""}",https://staticdelivery.nexusmods.com/mods/1704/images/106459/106459-1702288794-2096361284.jpeg,https://staticdelivery.nexusmods.com/mods/1704/images/106459/106459-1702288794-2096361284.jpeg,Existing category tag; verify against description if additional armor types are available.,NSFW
79,81,TRUE,TRUE,INCLUDE,Forgotten Princess,Forgotten Princess - CBBE-UUNP SE,Daymarr,https://www.nexusmods.com/skyrimspecialedition/users/8194845,https://www.nexusmods.com/skyrimspecialedition/mods/109153,Fantastical,Light,TRUE,FALSE,FALSE,Female,Royal; Civilian,FALSE,FALSE,Cloth / Linen,"{""SMP"":"""",""3BA"":""PREBUILT"",""HIMBO"":""N/A"",""OSL / B.O.O.B.I.E.S"":"""",""Other arousal"":"""",""VSU"":"""",""Heels"":""""}",https://staticdelivery.nexusmods.com/mods/1704/images/109153/109153-1705190585-599741988.jpeg,https://images.nexusmods.com/mod-images/1704/t/large/10/109153/109153-1705190585-599741988.jpeg,Existing category tag; verify against description if additional armor types are available.,NSFW
80,82,TRUE,TRUE,INCLUDE,Fortuna's Favor,Daymarr Fortuna's Favor - CBBE-UUNP SE,Daymarr,https://www.nexusmods.com/skyrimspecialedition/users/8194845,https://www.nexusmods.com/skyrimspecialedition/mods/149329,Fantastical,Light,FALSE,FALSE,TRUE,Female,Civilian; Military,FALSE,TRUE,Unassigned,"{""SMP"":"""",""3BA"":"""",""HIMBO"":"""",""OSL / B.O.O.B.I.E.S"":"""",""Other arousal"":"""",""VSU"":"""",""Heels"":""""}",https://staticdelivery.nexusmods.com/mods/1704/images/149329/149329-1746505304-504487490.jpeg,https://images.nexusmods.com/mod-images/1704/t/large/14/149329/149329-1746505304-504487490.jpeg,Existing category tag; verify against description if additional armor types are available.,NSFW
27,27,TRUE,TRUE,INCLUDE,Frostwarden Regalia,Ashtoreth Frostwarden Regalia,AshtorethH,https://www.nexusmods.com/skyrimspecialedition/users/108345998,https://www.nexusmods.com/skyrimspecialedition/mods/138426,Grounded,Cloth,TRUE,FALSE,FALSE,Female,College of Winterhold; Stormcloaks; Nord,FALSE,FALSE,Cloth / Linen,"{""SMP"":"""",""3BA"":""PREBUILT"",""HIMBO"":""N/A"",""OSL / B.O.O.B.I.E.S"":"""",""Other arousal"":"""",""VSU"":"""",""Heels"":""""}",https://staticdelivery.nexusmods.com/mods/1704/images/138426/138426-1736295108-1010634994.jpeg,https://images.nexusmods.com/mod-images/1704/t/large/13/138426/138426-1736295108-1010634994.jpeg,Existing category tag; verify against description if additional armor types are available.,NSFW
191,193,TRUE,TRUE,INCLUDE,Fur-lined Steel Armor,Fur-lined Steel Armor,furexarot,https://www.nexusmods.com/skyrimspecialedition/users/120770913,https://www.nexusmods.com/skyrimspecialedition/mods/106305,Grounded,Heavy,FALSE,FALSE,TRUE,Male; Female,Military,FALSE,FALSE,H5 - Steel Plate,"{""SMP"":"""",""3BA"":""https://www.nexusmods.com/Core/Libs/Common/Widgets/DownloadPopUp?id=449855&game_id=1704"",""HIMBO"":""https://www.nexusmods.com/Core/Libs/Common/Widgets/DownloadPopUp?id=450298&game_id=1704"",""OSL / B.O.O.B.I.E.S"":"""",""Other arousal"":"""",""VSU"":"""",""Heels"":""""}",https://staticdelivery.nexusmods.com/mods/1704/images/106305/106305-1702038316-975213030.png,https://images.nexusmods.com/mod-images/1704/t/large/10/106305/106305-1702038316-975213030.png,Existing category tag; verify against description if additional armor types are available.,Standard
67,68,TRUE,TRUE,INCLUDE,FVO Cloth,FVO Cloth,DarkDukla,https://www.nexusmods.com/skyrimspecialedition/users/18292594,https://www.nexusmods.com/skyrimspecialedition/mods/107200,Grounded,Light,FALSE,TRUE,FALSE,Female,Civilian,FALSE,FALSE,L2 - Fur,"{""SMP"":"""",""3BA"":""PREBUILT"",""HIMBO"":""N/A"",""OSL / B.O.O.B.I.E.S"":"""",""Other arousal"":"""",""VSU"":"""",""Heels"":""""}",https://i.ibb.co/TMzWLKJd/FVO-Versions.png,https://i.ibb.co/TMzWLKJd/FVO-Versions.png,Existing category tag; verify against description if additional armor types are available.,Standard
289,292,TRUE,TRUE,INCLUDE,Garment of the Goliath SE,Garment of the Goliath SE - 3BA BHUNP - SMP,OperatorCactus,https://www.nexusmods.com/skyrimspecialedition/users/7142304,https://www.nexusmods.com/skyrimspecialedition/mods/126013,Grounded,Heavy,FALSE,FALSE,TRUE,Male; Female,Thalmor; Military; Regal,FALSE,FALSE,Unassigned,"{""SMP"":"""",""3BA"":""https://www.nexusmods.com/Core/Libs/Common/Widgets/DownloadPopUp?id=529145&game_id=1704"",""HIMBO"":""https://www.nexusmods.com/skyrimspecialedition/mods/126857"",""OSL / B.O.O.B.I.E.S"":"""",""Other arousal"":"""",""VSU"":"""",""Heels"":""""}",https://staticdelivery.nexusmods.com/mods/1704/images/126013/126013-1722787215-1098961728.jpeg,https://images.nexusmods.com/mod-images/1704/t/large/12/126013/126013-1722787215-1098961728.jpeg,Existing category tag; verify against description if additional armor types are available.,Standard
268,271,TRUE,TRUE,INCLUDE,Ghoul Armor,Obi's Ghoul Armor CBBE 3BA 2K,Obicnii,https://www.nexusmods.com/skyrimspecialedition/users/59154696,https://www.nexusmods.com/skyrimspecialedition/mods/88090,Grounded,Heavy,FALSE,FALSE,TRUE,Female,Volkihar Vampire Clan; Dark Brotherhood; Cultists,FALSE,FALSE,H2 - Bone Mold,"{""SMP"":"""",""3BA"":""https://www.nexusmods.com/Core/Libs/Common/Widgets/DownloadPopUp?id=373629&game_id=1704"",""HIMBO"":""N/A"",""OSL / B.O.O.B.I.E.S"":"""",""Other arousal"":"""",""VSU"":"""",""Heels"":""""}",https://staticdelivery.nexusmods.com/mods/1704/images/88090/88090-1680206489-2000566391.png,https://staticdelivery.nexusmods.com/mods/1704/images/88090/88090-1680206489-2000566391.png,Existing category tag; verify against description if additional armor types are available.,NSFW
153,155,TRUE,TRUE,INCLUDE,Ginnungagap,Ginnungagap 3BA,Ellxe,https://www.nexusmods.com/skyrimspecialedition/users/31116590,https://www.nexusmods.com/skyrimspecialedition/mods/97931,Grounded,Heavy,FALSE,FALSE,TRUE,Female,Occult,FALSE,FALSE,H4 - Dwarven,"{""SMP"":"""",""3BA"":"""",""HIMBO"":"""",""OSL / B.O.O.B.I.E.S"":"""",""Other arousal"":"""",""VSU"":"""",""Heels"":""""}",https://staticdelivery.nexusmods.com/mods/1704/images/97931/97931-1765617289-99449348.png,https://images.nexusmods.com/mod-images/1704/t/large/97/97931/97931-1765617289-99449348.png,Existing category tag; verify against description if additional armor types are available.,NSFW
334,337,TRUE,TRUE,INCLUDE,Girl's Travel Outfit,Girl's Travel Outfit,Suna203,https://www.nexusmods.com/skyrimspecialedition/users/74489063,https://www.nexusmods.com/skyrimspecialedition/mods/125910,Grounded,Cloth,TRUE,FALSE,FALSE,Female,Civilian; Nature,FALSE,FALSE,Cloth / Linen,"{""SMP"":"""",""3BA"":""https://www.nexusmods.com/Core/Libs/Common/Widgets/DownloadPopUp?id=549113&game_id=1704"",""HIMBO"":""N/A"",""OSL / B.O.O.B.I.E.S"":"""",""Other arousal"":"""",""VSU"":"""",""Heels"":""""}",https://staticdelivery.nexusmods.com/mods/1704/images/125910/125910-1722693210-556334358.jpeg,https://images.nexusmods.com/mod-images/1704/t/large/12/125910/125910-1722693210-556334358.jpeg,Existing category tag; verify against description if additional armor types are available.,Standard
269,272,TRUE,TRUE,INCLUDE,Gladiator Armor,Obi's Gladiator Armor BHUNP 3BA UBE SMP,Obicnii,https://www.nexusmods.com/skyrimspecialedition/users/59154696,https://www.nexusmods.com/skyrimspecialedition/mods/138207,Grounded,Heavy,FALSE,FALSE,TRUE,Female,Nord; Military,FALSE,FALSE,H5 - Steel Plate,"{""SMP"":"""",""3BA"":""https://www.nexusmods.com/Core/Libs/Common/Widgets/DownloadPopUp?id=579914&game_id=1704"",""HIMBO"":""https://www.nexusmods.com/skyrimspecialedition/mods/138614"",""OSL / B.O.O.B.I.E.S"":"""",""Other arousal"":"""",""VSU"":"""",""Heels"":""""}",https://staticdelivery.nexusmods.com/mods/1704/images/138207/138207-1736152079-1457734760.png,https://images.nexusmods.com/mod-images/1704/t/large/13/138207/138207-1736152079-1457734760.png,Existing category tag; verify against description if additional armor types are available.,NSFW
34,34,TRUE,TRUE,INCLUDE,Glasses Pack Vol.1,Glasses Pack Vol.1,Caenarvon,https://www.nexusmods.com/skyrimspecialedition/users/88049288,https://www.nexusmods.com/skyrimspecialedition/mods/115653,Grounded,Accessories,FALSE,FALSE,FALSE,,Civilian,FALSE,FALSE,Unassigned,"{""SMP"":"""",""3BA"":""N/A"",""HIMBO"":""N/A"",""OSL / B.O.O.B.I.E.S"":"""",""Other arousal"":"""",""VSU"":"""",""Heels"":""""}",https://staticdelivery.nexusmods.com/mods/1704/images/115653/115653-1712431344-1401292668.jpeg,https://images.nexusmods.com/mod-images/1704/t/large/11/115653/115653-1712431344-1401292668.jpeg,"Description audit required: no Clothing, Light, or Heavy tag currently present.",Standard
81,83,TRUE,TRUE,INCLUDE,Goddess Of War,COCO Goddess Of War - CBBE-TBD-BHUNP SE,Daymarr,https://www.nexusmods.com/skyrimspecialedition/users/8194845,https://www.nexusmods.com/skyrimspecialedition/mods/51697,Fantastical,Lingerie; Light,FALSE,TRUE,FALSE,Female,Divine; Military,FALSE,FALSE,L8 - Scaled,"{""SMP"":"""",""3BA"":""PREBUILT"",""HIMBO"":""N/A"",""OSL / B.O.O.B.I.E.S"":""https://www.nexusmods.com/skyrimspecialedition/mods/106672"",""Other arousal"":"""",""VSU"":"""",""Heels"":""""}",https://staticdelivery.nexusmods.com/mods/1704/images/51697/51697-1624796722-1394293267.jpeg,https://images.nexusmods.com/mod-images/1704/t/large/51/51697/51697-1624796722-1394293267.jpeg,Existing category tag; verify against description if additional armor types are available.,NSFW
82,84,TRUE,TRUE,INCLUDE,Goddess Of War V2,COCO Goddess Of War V2,Daymarr,https://www.nexusmods.com/skyrimspecialedition/users/8194845,https://www.nexusmods.com/skyrimspecialedition/mods/78335,Fantastical,Light,TRUE,FALSE,TRUE,Female,Divine; Military,FALSE,FALSE,H6 - Ebony,"{""SMP"":"""",""3BA"":""PREBUILT"",""HIMBO"":""N/A"",""OSL / B.O.O.B.I.E.S"":"""",""Other arousal"":"""",""VSU"":"""",""Heels"":""""}",https://staticdelivery.nexusmods.com/mods/1704/images/78335/78335-1667801831-182540242.jpeg,https://images.nexusmods.com/mod-images/1704/t/large/78/78335/78335-1667801831-182540242.jpeg,Existing category tag; verify against description if additional armor types are available.,NSFW
10,10,TRUE,TRUE,INCLUDE,Gold and Silver Reading Glasses,Gold and Silver Reading Glasses,ak0d,https://www.nexusmods.com/skyrimspecialedition/users/40406455,https://www.nexusmods.com/skyrimspecialedition/mods/120188,Grounded,Accessories,FALSE,FALSE,FALSE,Male; Female,Civilian,FALSE,TRUE,Unassigned,"{""SMP"":"""",""3BA"":""N/A"",""HIMBO"":""N/A"",""OSL / B.O.O.B.I.E.S"":"""",""Other arousal"":"""",""VSU"":"""",""Heels"":""""}",https://staticdelivery.nexusmods.com/mods/1704/images/120188/120188-1716582387-42903811.jpeg,https://staticdelivery.nexusmods.com/mods/1704/images/120188/120188-1716582387-42903811.jpeg,"Description audit required: no Clothing, Light, or Heavy tag currently present.",Standard
197,199,TRUE,TRUE,INCLUDE,Gorm,Gorm HDT-SMP Armor,Fuse00,https://www.nexusmods.com/skyrimspecialedition/users/6052912,https://www.nexusmods.com/skyrimspecialedition/mods/119257,Grounded,Light,FALSE,TRUE,FALSE,Male; Female,Military; Nord,FALSE,FALSE,L5 - Leather,"{""SMP"":"""",""3BA"":""https://www.nexusmods.com/skyrimspecialedition/mods/119269"",""HIMBO"":""https://www.nexusmods.com/skyrimspecialedition/mods/119259"",""OSL / B.O.O.B.I.E.S"":"""",""Other arousal"":"""",""VSU"":"""",""Heels"":""""}",https://staticdelivery.nexusmods.com/mods/1704/images/119257/119257-1715498990-676143429.png,https://images.nexusmods.com/mod-images/1704/t/large/11/119257/119257-1715498990-676143429.png,Existing category tag; verify against description if additional armor types are available.,Standard
270,273,TRUE,TRUE,INCLUDE,Goth GF Outfit,Obi's Goth GF Outfit 4k 3BA,Obicnii,https://www.nexusmods.com/skyrimspecialedition/users/59154696,https://www.nexusmods.com/skyrimspecialedition/mods/118300,Modern,Cloth,TRUE,FALSE,FALSE,Female,Civilian; Occult,FALSE,FALSE,Cloth / Linen,"{""SMP"":"""",""3BA"":""PREBUILT"",""HIMBO"":""N/A"",""OSL / B.O.O.B.I.E.S"":"""",""Other arousal"":"""",""VSU"":"""",""Heels"":""""}",https://staticdelivery.nexusmods.com/mods/1704/images/118300/118300-1714556258-1308211648.png,https://images.nexusmods.com/mod-images/1704/t/large/11/118300/118300-1714556258-1308211648.png,Existing category tag; verify against description if additional armor types are available.,NSFW
83,85,TRUE,TRUE,INCLUDE,Gothic Babe,COCO Gothic Babe - CBBE-UUNP SE,Daymarr,https://www.nexusmods.com/skyrimspecialedition/users/8194845,https://www.nexusmods.com/skyrimspecialedition/mods/97233,Modern,Cloth,TRUE,FALSE,FALSE,Female,Occult,TRUE,TRUE,Cloth / Linen,"{""SMP"":"""",""3BA"":""PREBUILT"",""HIMBO"":""N/A"",""OSL / B.O.O.B.I.E.S"":"""",""Other arousal"":""https://www.nexusmods.com/skyrimspecialedition/mods/103622"",""VSU"":"""",""Heels"":""""}",https://staticdelivery.nexusmods.com/mods/1704/images/97233/97233-1690763019-1793422935.jpeg,https://images.nexusmods.com/mod-images/1704/t/large/97/97233/97233-1690763019-1793422935.jpeg,Existing category tag; verify against description if additional armor types are available.,NSFW
271,274,TRUE,TRUE,INCLUDE,Greaser Outfit,Obi's Greaser Outfit 3BA 4k,Obicnii,https://www.nexusmods.com/skyrimspecialedition/users/59154696,https://www.nexusmods.com/skyrimspecialedition/mods/131708,Modern,Cloth,TRUE,FALSE,FALSE,Female,Civilian,FALSE,FALSE,Cloth / Linen,"{""SMP"":"""",""3BA"":""PREBUILT"",""HIMBO"":""N/A"",""OSL / B.O.O.B.I.E.S"":"""",""Other arousal"":"""",""VSU"":"""",""Heels"":""""}",https://staticdelivery.nexusmods.com/mods/1704/images/131708/131708-1729175577-1144895564.png,https://images.nexusmods.com/mod-images/1704/t/large/13/131708/131708-1729175577-1144895564.png,Existing category tag; verify against description if additional armor types are available.,NSFW
328,331,TRUE,TRUE,INCLUDE,Grievous Rose,Grievous Rose (3BA SMP),SmolSaltLemon,https://www.nexusmods.com/skyrimspecialedition/users/202025696,https://www.nexusmods.com/skyrimspecialedition/mods/149519,Grounded,Cloth; Light,TRUE,FALSE,FALSE,Female,Volkihar Vampire Clan; Occult,TRUE,TRUE,Cloth / Linen,"{""SMP"":"""",""3BA"":""PREBUILT"",""HIMBO"":""N/A"",""OSL / B.O.O.B.I.E.S"":"""",""Other arousal"":"""",""VSU"":"""",""Heels"":""""}",https://staticdelivery.nexusmods.com/mods/1704/images/149519/149519-1746694551-117334934.png,https://staticdelivery.nexusmods.com/mods/1704/images/149519/149519-1746694551-117334934.png,Existing category tag; verify against description if additional armor types are available.,Standard
211,213,TRUE,TRUE,INCLUDE,Gryphonknight Regalia - Breton Noble Armor,Gryphonknight Regalia - Breton Noble Armor,GVLT,https://www.nexusmods.com/skyrimspecialedition/users/49330348,https://www.nexusmods.com/skyrimspecialedition/mods/107437,Grounded,Heavy,FALSE,FALSE,TRUE,Male; Female,Breton; Military,FALSE,FALSE,H5 - Steel Plate,"{""SMP"":""https://www.nexusmods.com/Core/Libs/Common/Widgets/DownloadPopUp?id=536253&game_id=1704"",""3BA"":""https://www.nexusmods.com/skyrimspecialedition/mods/116279"",""HIMBO"":""https://www.nexusmods.com/skyrimspecialedition/mods/124543"",""OSL / B.O.O.B.I.E.S"":"""",""Other arousal"":"""",""VSU"":"""",""Heels"":""""}",https://staticdelivery.nexusmods.com/mods/1704/images/107437/107437-1784735205-323122609.jpg,https://images.nexusmods.com/mod-images/1704/t/large/10/107437/107437-1784735205-323122609.jpg,Existing category tag; verify against description if additional armor types are available.,Standard
63,64,TRUE,TRUE,INCLUDE,Guards Armor Replacer,Guards Armor Replacer SSE,DanielUA,https://www.nexusmods.com/skyrimspecialedition/users/7067238,https://www.nexusmods.com/skyrimspecialedition/mods/22671,Grounded,Heavy,FALSE,FALSE,TRUE,Male; Female,Military,FALSE,FALSE,Unassigned,"{""SMP"":"""",""3BA"":"""",""HIMBO"":"""",""OSL / B.O.O.B.I.E.S"":"""",""Other arousal"":"""",""VSU"":"""",""Heels"":""""}",https://staticdelivery.nexusmods.com/mods/1704/images/22671/22671-1551211168-1861057165.jpeg,https://staticdelivery.nexusmods.com/mods/1704/images/22671/22671-1551211168-1861057165.jpeg,Existing category tag; verify against description if additional armor types are available.,Standard
51,52,TRUE,TRUE,INCLUDE,Heimu Dudou,Heimu Dudou,contentcat,https://www.nexusmods.com/skyrimspecialedition/users/69093453,https://www.nexusmods.com/skyrimspecialedition/mods/110975,Modern,Lingerie; Cloth,TRUE,FALSE,FALSE,Female,Civilian,TRUE,TRUE,Cloth / Linen,"{""SMP"":"""",""3BA"":""PREBUILT"",""HIMBO"":""N/A"",""OSL / B.O.O.B.I.E.S"":"""",""Other arousal"":"""",""VSU"":"""",""Heels"":""""}",https://staticdelivery.nexusmods.com/mods/1704/images/110975/110975-1710789916-236364852.jpeg,https://images.nexusmods.com/mod-images/1704/t/large/11/110975/110975-1710789916-236364852.jpeg,Existing category tag; verify against description if additional armor types are available.,NSFW
322,325,TRUE,TRUE,INCLUDE,Hermes' Silver Mask (Arslan Senki),Hermes' Silver Mask (Arslan Senki),ShasSaalLDred,https://www.nexusmods.com/skyrimspecialedition/users/152271893,https://www.nexusmods.com/skyrimspecialedition/mods/77615,Grounded,Accessories,FALSE,FALSE,FALSE,,Civilian,FALSE,TRUE,Unassigned,"{""SMP"":"""",""3BA"":""N/A"",""HIMBO"":""N/A"",""OSL / B.O.O.B.I.E.S"":"""",""Other arousal"":"""",""VSU"":"""",""Heels"":""""}",https://staticdelivery.nexusmods.com/mods/1704/images/77615/77615-1666671471-1796322192.png,https://staticdelivery.nexusmods.com/mods/1704/images/77615/77615-1666671471-1796322192.png,"Description audit required: no Clothing, Light, or Heavy tag currently present.",Standard
272,275,TRUE,TRUE,INCLUDE,Hood and Steel Armor,Obi's Hood and Steel Armor 4K CBBE UBE 3BA,Obicnii,https://www.nexusmods.com/skyrimspecialedition/users/59154696,https://www.nexusmods.com/skyrimspecialedition/mods/136388,Grounded,Light,FALSE,TRUE,FALSE,Female,Dark Brotherhood; Occult; Assassin,FALSE,FALSE,L8 - Scaled,"{""SMP"":"""",""3BA"":""https://www.nexusmods.com/Core/Libs/Common/Widgets/DownloadPopUp?id=573046&game_id=1704"",""HIMBO"":""N/A"",""OSL / B.O.O.B.I.E.S"":"""",""Other arousal"":"""",""VSU"":"""",""Heels"":""""}",https://staticdelivery.nexusmods.com/mods/1704/images/136388/136388-1734253872-511352322.png,https://staticdelivery.nexusmods.com/mods/1704/images/136388/136388-1734253872-511352322.png,Existing category tag; verify against description if additional armor types are available.,NSFW
186,188,TRUE,TRUE,INCLUDE,HS Piercings,HS Piercings - 3BA,Ferbodroid,https://www.nexusmods.com/skyrimspecialedition/users/32856610,https://www.nexusmods.com/skyrimspecialedition/mods/123108,Modern,Accessories,FALSE,FALSE,FALSE,Female,Civilian,FALSE,FALSE,Unassigned,"{""SMP"":"""",""3BA"":""PREBUILT"",""HIMBO"":""N/A"",""OSL / B.O.O.B.I.E.S"":"""",""Other arousal"":"""",""VSU"":"""",""Heels"":""""}",https://staticdelivery.nexusmods.com/mods/1704/images/123108/123108-1719834570-321193075.jpeg,https://images.nexusmods.com/mod-images/1704/t/large/12/123108/123108-1719834570-321193075.jpeg,"Description audit required: no Clothing, Light, or Heavy tag currently present.",NSFW
176,178,TRUE,TRUE,INCLUDE,Illusive Infiltrator Armor,Illusive Infiltrator Armor,Everglaid,https://www.nexusmods.com/skyrimspecialedition/users/2747421,https://www.nexusmods.com/skyrimspecialedition/mods/105659,Grounded,Light,FALSE,TRUE,FALSE,Male; Female,Assassin; Military,FALSE,TRUE,L3 - Studded,"{""SMP"":"""",""3BA"":""https://www.nexusmods.com/skyrimspecialedition/mods/106543"",""HIMBO"":""PREBUILT"",""OSL / B.O.O.B.I.E.S"":"""",""Other arousal"":"""",""VSU"":"""",""Heels"":""""}",https://staticdelivery.nexusmods.com/mods/1704/images/105659/105659-1701339137-179948277.png,https://staticdelivery.nexusmods.com/mods/1704/images/105659/105659-1701339137-179948277.png,Existing category tag; verify against description if additional armor types are available.,Standard
1,1,TRUE,TRUE,INCLUDE,Infantry Armor,Infantry Armor SE,4thUnknown,https://www.nexusmods.com/skyrimspecialedition/users/49002333,https://www.nexusmods.com/skyrimspecialedition/mods/88099,Grounded,Light; Heavy,FALSE,TRUE,TRUE,Male; Female,Military,FALSE,FALSE,Unassigned,"{""SMP"":"""",""3BA"":"""",""HIMBO"":"""",""OSL / B.O.O.B.I.E.S"":"""",""Other arousal"":"""",""VSU"":"""",""Heels"":""""}",https://staticdelivery.nexusmods.com/mods/1704/images/88099/115128-1680187826-578059993.jpeg,https://images.nexusmods.com/mod-images/1704/t/large/88/88099/115128-1680187826-578059993.jpeg,Existing category tag; verify against description if additional armor types are available.,Standard
194,196,TRUE,TRUE,INCLUDE,Inquisitor,Inquisitor HDT-SMP Armor,Fuse00,https://www.nexusmods.com/skyrimspecialedition/users/6052912,https://www.nexusmods.com/skyrimspecialedition/mods/73980,Grounded,Cloth,TRUE,FALSE,FALSE,Male; Female,Military; Divine,FALSE,FALSE,Cloth / Linen,"{""SMP"":"""",""3BA"":""https://www.nexusmods.com/skyrimspecialedition/mods/74162"",""HIMBO"":""https://www.nexusmods.com/skyrimspecialedition/mods/74030"",""OSL / B.O.O.B.I.E.S"":"""",""Other arousal"":"""",""VSU"":"""",""Heels"":""""}",https://staticdelivery.nexusmods.com/mods/1704/images/73980/73980-1661354823-217066283.jpeg,https://staticdelivery.nexusmods.com/mods/1704/images/73980/73980-1661354823-217066283.jpeg,Existing category tag; verify against description if additional armor types are available.,Standard
52,53,TRUE,TRUE,INCLUDE,Invicta Couture Lingerie,Invicta Couture Lingerie CBBE 3BA,contentcat,https://www.nexusmods.com/skyrimspecialedition/users/69093453,https://www.nexusmods.com/skyrimspecialedition/mods/145126,Modern,Lingerie,FALSE,FALSE,FALSE,Female,Civilian,FALSE,FALSE,Unassigned,"{""SMP"":"""",""3BA"":"""",""HIMBO"":"""",""OSL / B.O.O.B.I.E.S"":"""",""Other arousal"":"""",""VSU"":"""",""Heels"":""""}",https://staticdelivery.nexusmods.com/mods/1704/images/145126/145126-1742333134-687152061.jpeg,https://images.nexusmods.com/mod-images/1704/t/large/14/145126/145126-1742333134-687152061.jpeg,"Description audit required: no Clothing, Light, or Heavy tag currently present.",NSFW
17,17,TRUE,TRUE,INCLUDE,Iron Rose Armor,Iron Rose Armor,AokiliMods,https://www.nexusmods.com/skyrimspecialedition/users/4747368,https://www.nexusmods.com/skyrimspecialedition/mods/143045,Fantastical,Heavy,FALSE,FALSE,TRUE,Male; Female,Military; Divine; Royal,TRUE,TRUE,H5 - Steel Plate,"{""SMP"":"""",""3BA"":""PREBUILT"",""HIMBO"":""PREBUILT"",""OSL / B.O.O.B.I.E.S"":"""",""Other arousal"":"""",""VSU"":"""",""Heels"":""""}",https://staticdelivery.nexusmods.com/mods/1704/images/143045/143045-1740771501-379581670.jpeg,https://images.nexusmods.com/mod-images/1704/t/large/14/143045/143045-1740771501-379581670.jpeg,Existing category tag; verify against description if additional armor types are available.,NSFW
273,276,TRUE,TRUE,INCLUDE,Jewelry Pack,Obi's Jewelry Pack 2K SMP,Obicnii,https://www.nexusmods.com/skyrimspecialedition/users/59154696,https://www.nexusmods.com/skyrimspecialedition/mods/95707,Grounded,Accessories,FALSE,FALSE,FALSE,Male; Female,Civilian,FALSE,FALSE,Unassigned,"{""SMP"":"""",""3BA"":""https://www.nexusmods.com/Core/Libs/Common/Widgets/DownloadPopUp?id=408803&game_id=1704"",""HIMBO"":""N/A"",""OSL / B.O.O.B.I.E.S"":"""",""Other arousal"":"""",""VSU"":"""",""Heels"":""""}",https://staticdelivery.nexusmods.com/mods/1704/images/95707/95707-1689193951-3717308.jpeg,https://images.nexusmods.com/mod-images/1704/t/large/95/95707/95707-1689193951-3717308.jpeg,"Description audit required: no Clothing, Light, or Heavy tag currently present.",NSFW
84,86,TRUE,TRUE,INCLUDE,Joan Of Arc,COCO Joan Of Arc,Daymarr,https://www.nexusmods.com/skyrimspecialedition/users/8194845,https://www.nexusmods.com/skyrimspecialedition/mods/98962,Fantastical,Cloth,TRUE,FALSE,TRUE,Female,Divine,TRUE,TRUE,H6 - Ebony,"{""SMP"":"""",""3BA"":""PREBUILT"",""HIMBO"":""N/A"",""OSL / B.O.O.B.I.E.S"":"""",""Other arousal"":"""",""VSU"":"""",""Heels"":""""}",https://s.imgfi.com/images/ezgif.com-resize_16.gif,https://s.imgfi.com/images/ezgif.com-resize_16.gif,Existing category tag; verify against description if additional armor types are available.,NSFW
349,352,TRUE,TRUE,INCLUDE,JUICY Seraphim Outfit,[Helvegen9] Seraphim Outfit,Helvegen9,,https://www.nexusmods.com/skyrimspecialedition/mods/168877,Grounded,Cloth,TRUE,FALSE,FALSE,Female,Civilian; Divine,FALSE,FALSE,Unassigned,"{""SMP"":"""",""3BA"":"""",""HIMBO"":"""",""OSL / B.O.O.B.I.E.S"":"""",""Other arousal"":"""",""VSU"":"""",""Heels"":""""}",https://staticdelivery.nexusmods.com/mods/1704/images/168877/168877-1767587333-1493359890.jpg,/images/recent/seraphim.jpg,Existing category tag; verify against description if additional armor types are available.,NSFW
287,290,TRUE,TRUE,INCLUDE,Kameleon Armor,Kameleon Armor CBBE 3BA,OneChanceGamer,https://www.nexusmods.com/skyrimspecialedition/users/90367853,https://www.nexusmods.com/skyrimspecialedition/mods/126768,Grounded,Light,FALSE,TRUE,FALSE,Female,Thieves Guild; Assassin,TRUE,TRUE,L3 - Studded,"{""SMP"":"""",""3BA"":""PREBUILT"",""HIMBO"":""N/A"",""OSL / B.O.O.B.I.E.S"":"""",""Other arousal"":"""",""VSU"":"""",""Heels"":""""}",https://staticdelivery.nexusmods.com/mods/1704/images/126768/126768-1724275044-346445104.png,https://staticdelivery.nexusmods.com/mods/1704/images/126768/126768-1724275044-346445104.png,Existing category tag; verify against description if additional armor types are available.,NSFW
338,341,TRUE,TRUE,INCLUDE,Khajiiti Apex Armory Reforged,VickusDickus' Khajiiti Apex Armory Reforged,VickusDickus,https://www.nexusmods.com/skyrimspecialedition/users/29598525,https://www.nexusmods.com/skyrimspecialedition/mods/17114,Fantastical,Light,FALSE,TRUE,FALSE,Male; Female,Military; Khajiit,FALSE,TRUE,Unassigned,"{""SMP"":"""",""3BA"":"""",""HIMBO"":"""",""OSL / B.O.O.B.I.E.S"":"""",""Other arousal"":"""",""VSU"":"""",""Heels"":""""}",https://staticdelivery.nexusmods.com/mods/1704/images/17114/17114-1701312359-1517331200.jpeg,https://staticdelivery.nexusmods.com/mods/1704/images/17114/17114-1701312359-1517331200.jpeg,Existing category tag; verify against description if additional armor types are available.,Standard
154,156,TRUE,TRUE,INCLUDE,Knight Elaine,[ELLE] Knight Elaine,Ellxe,https://www.nexusmods.com/skyrimspecialedition/users/31116590,https://www.nexusmods.com/skyrimspecialedition/mods/131624,Grounded,Light,FALSE,FALSE,TRUE,Female,Military; Royal,FALSE,FALSE,H5 - Steel Plate,"{""SMP"":"""",""3BA"":"""",""HIMBO"":"""",""OSL / B.O.O.B.I.E.S"":"""",""Other arousal"":"""",""VSU"":"""",""Heels"":""""}",https://staticdelivery.nexusmods.com/mods/1704/images/131624/131624-1765615739-1585844037.jpg,https://images.nexusmods.com/mod-images/1704/t/large/13/131624/131624-1765615739-1585844037.jpg,Existing category tag; verify against description if additional armor types are available.,NSFW
221,223,FALSE,FALSE,EXCLUDE,Knight of the Village,Knight of The Village 3BA,hwybee4996,https://www.nexusmods.com/skyrimspecialedition/users/38307240,https://www.nexusmods.com/skyrimspecialedition/mods/62364,Grounded,Light,FALSE,TRUE,FALSE,Female,Military; Civilian,FALSE,FALSE,Unassigned,"{""SMP"":"""",""3BA"":"""",""HIMBO"":"""",""OSL / B.O.O.B.I.E.S"":"""",""Other arousal"":"""",""VSU"":"""",""Heels"":""""}",https://staticdelivery.nexusmods.com/mods/1704/images/62364/62364-1642891088-1077072820.png,https://images.nexusmods.com/mod-images/1704/t/large/62/62364/62364-1642891088-1077072820.png,Existing category tag; verify against description if additional armor types are available.,NSFW
155,157,TRUE,TRUE,INCLUDE,Knight Winds,ELLE Knight Winds 3BA - BHUNP,Ellxe,https://www.nexusmods.com/skyrimspecialedition/users/31116590,https://www.nexusmods.com/skyrimspecialedition/mods/89980,Grounded,Light,FALSE,TRUE,FALSE,Female,Civilian; Thieves Guild,FALSE,FALSE,L8 - Scaled,"{""SMP"":"""",""3BA"":"""",""HIMBO"":"""",""OSL / B.O.O.B.I.E.S"":"""",""Other arousal"":"""",""VSU"":"""",""Heels"":""""}",https://staticdelivery.nexusmods.com/mods/1704/images/89980/89980-1765014340-852209646.png,https://images.nexusmods.com/mod-images/1704/t/large/89/89980/89980-1765014340-852209646.png,Existing category tag; verify against description if additional armor types are available.,NSFW
249,251,TRUE,TRUE,INCLUDE,Knight-Errant armor set,Knight-Errant armor set (HDT SMP),Mykolaev,https://www.nexusmods.com/skyrimspecialedition/users/84474133,https://www.nexusmods.com/skyrimspecialedition/mods/130790,Grounded,Heavy,FALSE,FALSE,TRUE,Male; Female,Military; Royal,FALSE,FALSE,H1 - Iron,"{""SMP"":"""",""3BA"":""https://www.nexusmods.com/skyrimspecialedition/mods/131023"",""HIMBO"":""https://www.nexusmods.com/skyrimspecialedition/mods/131023"",""OSL / B.O.O.B.I.E.S"":"""",""Other arousal"":"""",""VSU"":"""",""Heels"":""""}",https://staticdelivery.nexusmods.com/mods/1704/images/130790/130790-1727976191-1972330412.png,https://images.nexusmods.com/mod-images/1704/t/large/13/130790/130790-1727976191-1972330412.png,Existing category tag; verify against description if additional armor types are available.,Standard
250,252,TRUE,TRUE,INCLUDE,Knight-Herald,Knight-Herald,Mykolaev,https://www.nexusmods.com/skyrimspecialedition/users/84474133,https://www.nexusmods.com/skyrimspecialedition/mods/145321,Grounded,Heavy,FALSE,FALSE,TRUE,Female,Military; Royal,FALSE,FALSE,H3 - Steel,"{""SMP"":"""",""3BA"":""PREBUILT"",""HIMBO"":""N/A"",""OSL / B.O.O.B.I.E.S"":"""",""Other arousal"":"""",""VSU"":"""",""Heels"":""""}",https://staticdelivery.nexusmods.com/mods/1704/images/145321/145321-1742562437-1152218190.png,https://staticdelivery.nexusmods.com/mods/1704/images/145321/145321-1742562437-1152218190.png,Existing category tag; verify against description if additional armor types are available.,Standard
226,228,TRUE,TRUE,INCLUDE,KSO Mage Robes for Females,KSO Mage Robes for Females - CBBE 3BA,Imperial2000,https://www.nexusmods.com/skyrimspecialedition/users/7993973,https://www.nexusmods.com/skyrimspecialedition/mods/91460,Grounded,Cloth,TRUE,FALSE,FALSE,Female,College of Winterhold; Arcane,TRUE,TRUE,Cloth / Linen,"{""SMP"":"""",""3BA"":""PREBUILT"",""HIMBO"":""N/A"",""OSL / B.O.O.B.I.E.S"":"""",""Other arousal"":"""",""VSU"":"""",""Heels"":""""}",https://staticdelivery.nexusmods.com/mods/1704/images/91460/91460-1684209041-153233519.png,https://images.nexusmods.com/mod-images/1704/t/large/91/91460/91460-1684209041-153233519.png,Existing category tag; verify against description if additional armor types are available.,NSFW
306,309,TRUE,TRUE,INCLUDE,Kvetchi Mercenary Set,Kvetchi Mercenary Set,Pulcharmsolis,https://www.nexusmods.com/skyrimspecialedition/users/122433248,https://www.nexusmods.com/skyrimspecialedition/mods/79226,Grounded,Heavy,FALSE,FALSE,TRUE,Male; Female,Imperial; Military,FALSE,FALSE,H5 - Steel Plate,"{""SMP"":"""",""3BA"":""https://www.nexusmods.com/skyrimspecialedition/mods/83171"",""HIMBO"":""https://www.nexusmods.com/skyrimspecialedition/mods/86564"",""OSL / B.O.O.B.I.E.S"":"""",""Other arousal"":"""",""VSU"":"""",""Heels"":""""}",https://staticdelivery.nexusmods.com/mods/1704/images/79226/79226-1669428231-1729167185.jpeg,https://staticdelivery.nexusmods.com/mods/1704/images/79226/79226-1669428231-1729167185.jpeg,Existing category tag; verify against description if additional armor types are available.,Standard
346,349,TRUE,TRUE,INCLUDE,Kynreeve Armor SSE,[Elleh] Kynreeve Armor,Elleh,,https://www.nexusmods.com/skyrimspecialedition/mods/14899,Grounded,Light; Heavy,FALSE,FALSE,TRUE,Male,Military; Daedra,FALSE,FALSE,Unassigned,"{""SMP"":"""",""3BA"":"""",""HIMBO"":"""",""OSL / B.O.O.B.I.E.S"":"""",""Other arousal"":"""",""VSU"":"""",""Heels"":""""}",https://staticdelivery.nexusmods.com/mods/1704/images/14899/89151-1517015405-358476960.jpeg,https://staticdelivery.nexusmods.com/mods/1704/images/14899/89151-1517015405-358476960.jpeg,Existing category tag; verify against description if additional armor types are available.,Standard
85,87,TRUE,TRUE,INCLUDE,Lace Lingerie Pack,COCO Lace Lingerie Pack - CBBE-UUNP SE,Daymarr,https://www.nexusmods.com/skyrimspecialedition/users/8194845,https://www.nexusmods.com/skyrimspecialedition/mods/104551,Modern,Lingerie,FALSE,FALSE,FALSE,Female,Lingerie,TRUE,TRUE,Cloth / Linen,"{""SMP"":"""",""3BA"":""PREBUILT"",""HIMBO"":""N/A"",""OSL / B.O.O.B.I.E.S"":""https://www.nexusmods.com/skyrimspecialedition/mods/106672"",""Other arousal"":"""",""VSU"":"""",""Heels"":""https://www.nexusmods.com/skyrimspecialedition/mods/144402""}",https://staticdelivery.nexusmods.com/mods/1704/images/104551/104551-1699801168-571525726.jpeg,https://images.nexusmods.com/mod-images/1704/t/large/10/104551/104551-1699801168-571525726.jpeg,"Description audit required: no Clothing, Light, or Heavy tag currently present.",NSFW
53,54,TRUE,TRUE,INCLUDE,Lady Morag Tong,Lady Morag Tong,contentcat,https://www.nexusmods.com/skyrimspecialedition/users/69093453,https://www.nexusmods.com/skyrimspecialedition/mods/155533,Grounded,Light,FALSE,TRUE,FALSE,Male; Female,Assasssin; Dark Brotherhood,TRUE,FALSE,Unassigned,"{""SMP"":"""",""3BA"":"""",""HIMBO"":"""",""OSL / B.O.O.B.I.E.S"":"""",""Other arousal"":"""",""VSU"":"""",""Heels"":""""}",https://staticdelivery.nexusmods.com/mods/1704/images/155533/155533-1753802692-2100223408.png,https://staticdelivery.nexusmods.com/mods/1704/images/155533/155533-1753802692-2100223408.png,Existing category tag; verify against description if additional armor types are available.,NSFW
54,55,TRUE,TRUE,INCLUDE,Lady Ritual,Lady Ritual,contentcat,https://www.nexusmods.com/skyrimspecialedition/users/69093453,https://www.nexusmods.com/skyrimspecialedition/mods/164787,Fantastical,Cloth,TRUE,FALSE,FALSE,Female,Occult; Cultists,FALSE,TRUE,Unassigned,"{""SMP"":"""",""3BA"":"""",""HIMBO"":"""",""OSL / B.O.O.B.I.E.S"":"""",""Other arousal"":"""",""VSU"":"""",""Heels"":""""}",https://staticdelivery.nexusmods.com/mods/1704/images/164787/164787-1763647635-105610212.png,https://staticdelivery.nexusmods.com/mods/1704/images/164787/164787-1763647635-105610212.png,Existing category tag; verify against description if additional armor types are available.,NSFW
156,158,TRUE,TRUE,INCLUDE,Lastriem,ELLE - Lastriem,Ellxe,https://www.nexusmods.com/skyrimspecialedition/users/31116590,https://www.nexusmods.com/skyrimspecialedition/mods/166180,Grounded,Cloth,TRUE,FALSE,FALSE,Female,Civilian; Maritime,FALSE,FALSE,Unassigned,"{""SMP"":"""",""3BA"":"""",""HIMBO"":"""",""OSL / B.O.O.B.I.E.S"":"""",""Other arousal"":"""",""VSU"":"""",""Heels"":""""}",https://staticdelivery.nexusmods.com/mods/1704/images/166180/166180-1765617791-1157877201.png,https://images.nexusmods.com/mod-images/1704/t/large/16/166180/166180-1765617791-1157877201.png,Existing category tag; verify against description if additional armor types are available.,NSFW
18,18,TRUE,TRUE,INCLUDE,Lavatera Armor,Lavatera Armor,AokiliMods,https://www.nexusmods.com/skyrimspecialedition/users/4747368,https://www.nexusmods.com/skyrimspecialedition/mods/131645,Fantastical,Light; Heavy,FALSE,FALSE,TRUE,Female,Morag Tong,TRUE,TRUE,H5 - Steel Plate,"{""SMP"":"""",""3BA"":""PREBUILT"",""HIMBO"":""N/A"",""OSL / B.O.O.B.I.E.S"":""https://www.nexusmods.com/skyrimspecialedition/mods/106672"",""Other arousal"":"""",""VSU"":""https://www.nexusmods.com/skyrimspecialedition/mods/119821"",""Heels"":""https://www.nexusmods.com/skyrimspecialedition/mods/144402""}",https://staticdelivery.nexusmods.com/mods/1704/images/131645/131645-1729284273-459593376.jpeg,https://images.nexusmods.com/mod-images/1704/t/large/13/131645/131645-1729284273-459593376.jpeg,Existing category tag; verify against description if additional armor types are available.,NSFW
274,277,TRUE,TRUE,INCLUDE,Leather Lingerie,Obi's Leather Lingerie 2K 3BA BHUNP,Obicnii,https://www.nexusmods.com/skyrimspecialedition/users/59154696,https://www.nexusmods.com/skyrimspecialedition/mods/116177,Modern,Lingerie,FALSE,FALSE,FALSE,Female,Lingerie,FALSE,FALSE,Cloth / Linen,"{""SMP"":"""",""3BA"":""PREBUILT"",""HIMBO"":""N/A"",""OSL / B.O.O.B.I.E.S"":"""",""Other arousal"":"""",""VSU"":"""",""Heels"":""""}",https://i.postimg.cc/Hsyh1v6p/cont.png,https://i.postimg.cc/Hsyh1v6p/cont.png,"Description audit required: no Clothing, Light, or Heavy tag currently present.",NSFW
275,278,TRUE,TRUE,INCLUDE,Leather Outfit,Obi's Leather Outfit - 2K - 3BA,Obicnii,https://www.nexusmods.com/skyrimspecialedition/users/59154696,https://www.nexusmods.com/skyrimspecialedition/mods/94495,Grounded,Light,FALSE,TRUE,FALSE,Female,Thieves Guild; Dark Brotherhood,FALSE,FALSE,L5 - Leather,"{""SMP"":"""",""3BA"":""PREBUILT"",""HIMBO"":""N/A"",""OSL / B.O.O.B.I.E.S"":"""",""Other arousal"":"""",""VSU"":"""",""Heels"":""""}",https://staticdelivery.nexusmods.com/mods/1704/images/94495/94495-1688920431-1187749909.jpeg,https://staticdelivery.nexusmods.com/mods/1704/images/94495/94495-1688920431-1187749909.jpeg,Existing category tag; verify against description if additional armor types are available.,NSFW
210,212,TRUE,TRUE,INCLUDE,Lifesworn Vestiges ,Lifesworn Vestiges -- Champion of Arkay armor (optional SMP),GVLT,https://www.nexusmods.com/skyrimspecialedition/users/49330348,https://www.nexusmods.com/skyrimspecialedition/mods/136837,Grounded,Light,FALSE,TRUE,FALSE,Male; Female,Military; Divine,FALSE,FALSE,L8 - Scaled,"{""SMP"":""https://www.nexusmods.com/Core/Libs/Common/Widgets/DownloadPopUp?id=574608&game_id=1704"",""3BA"":""N/A"",""HIMBO"":""https://www.nexusmods.com/skyrimspecialedition/mods/136919"",""OSL / B.O.O.B.I.E.S"":"""",""Other arousal"":"""",""VSU"":"""",""Heels"":""""}",https://staticdelivery.nexusmods.com/mods/1704/images/136837/136837-1734727218-365827248.png,https://images.nexusmods.com/mod-images/1704/t/large/13/136837/136837-1734727218-365827248.png,Existing category tag; verify against description if additional armor types are available.,Standard
68,69,TRUE,TRUE,INCLUDE,Lingerie,Lingerie,DarkDukla,https://www.nexusmods.com/skyrimspecialedition/users/18292594,https://www.nexusmods.com/skyrimspecialedition/mods/101126,Modern,Lingerie,FALSE,FALSE,FALSE,Female,Lingerie,FALSE,TRUE,Cloth / Linen,"{""SMP"":"""",""3BA"":""PREBUILT"",""HIMBO"":""N/A"",""OSL / B.O.O.B.I.E.S"":"""",""Other arousal"":"""",""VSU"":"""",""Heels"":""""}",https://i.ibb.co/xFZdw0r/Screeny865.png,https://i.ibb.co/xFZdw0r/Screeny865.png,"Description audit required: no Clothing, Light, or Heavy tag currently present.",NSFW
86,88,TRUE,TRUE,INCLUDE,Lingerie,COCO Lingerie - CBBE-TBD-BHUNP SE,Daymarr,https://www.nexusmods.com/skyrimspecialedition/users/8194845,https://www.nexusmods.com/skyrimspecialedition/mods/39132,Modern,Lingerie,FALSE,FALSE,FALSE,Female,Lingerie,FALSE,FALSE,Unassigned,"{""SMP"":"""",""3BA"":"""",""HIMBO"":"""",""OSL / B.O.O.B.I.E.S"":""https://www.nexusmods.com/skyrimspecialedition/mods/106672"",""Other arousal"":"""",""VSU"":"""",""Heels"":""https://www.nexusmods.com/skyrimspecialedition/mods/144402""}",https://staticdelivery.nexusmods.com/mods/1704/images/39132/39132-1624036312-1956122836.jpeg,https://images.nexusmods.com/mod-images/1704/t/large/39/39132/39132-1624036312-1956122836.jpeg,"Description audit required: no Clothing, Light, or Heavy tag currently present.",NSFW
87,89,TRUE,TRUE,INCLUDE,Lone Wanderer,Daymarr Lone Wanderer - CBBE-UUNP SE,Daymarr,https://www.nexusmods.com/skyrimspecialedition/users/8194845,https://www.nexusmods.com/skyrimspecialedition/mods/132584,Fantastical,Cloth,TRUE,FALSE,FALSE,Female,Nature; Arcane,FALSE,FALSE,Cloth / Linen,"{""SMP"":"""",""3BA"":""PREBUILT"",""HIMBO"":""N/A"",""OSL / B.O.O.B.I.E.S"":"""",""Other arousal"":"""",""VSU"":"""",""Heels"":""""}",https://staticdelivery.nexusmods.com/mods/1704/images/132584/132584-1730131307-1324266100.jpeg,https://staticdelivery.nexusmods.com/mods/1704/images/132584/132584-1730131307-1324266100.jpeg,Existing category tag; verify against description if additional armor types are available.,NSFW
157,159,TRUE,TRUE,INCLUDE,Love Potion,Love Potion 3BA,Ellxe,https://www.nexusmods.com/skyrimspecialedition/users/31116590,https://www.nexusmods.com/skyrimspecialedition/mods/97129,Fantastical,Cloth,TRUE,FALSE,FALSE,Female,Arcane; Civilian,FALSE,TRUE,Cloth / Linen,"{""SMP"":"""",""3BA"":"""",""HIMBO"":"""",""OSL / B.O.O.B.I.E.S"":"""",""Other arousal"":"""",""VSU"":"""",""Heels"":""""}",https://staticdelivery.nexusmods.com/mods/1704/images/97129/97129-1765084345-1783601631.png,https://images.nexusmods.com/mod-images/1704/t/large/97/97129/97129-1765084345-1783601631.png,Existing category tag; verify against description if additional armor types are available.,NSFW
214,216,TRUE,TRUE,INCLUDE,Mage Clothing Expansion,Mage Clothing Expansion,Hornclonic,https://www.nexusmods.com/skyrimspecialedition/users/86825423,https://www.nexusmods.com/skyrimspecialedition/mods/128173,Grounded,Cloth,TRUE,FALSE,FALSE,Male; Female,Arcane; Civilian; College of Winterhold,TRUE,TRUE,Unassigned,"{""SMP"":"""",""3BA"":"""",""HIMBO"":"""",""OSL / B.O.O.B.I.E.S"":"""",""Other arousal"":"""",""VSU"":"""",""Heels"":""""}",https://staticdelivery.nexusmods.com/mods/1704/images/128173/128173-1725208211-1693056565.png,https://images.nexusmods.com/mod-images/1704/t/large/12/128173/128173-1725208211-1693056565.png,Existing category tag; verify against description if additional armor types are available.,Standard
158,160,TRUE,TRUE,INCLUDE,Mageali,ELLE - Mageali,Ellxe,https://www.nexusmods.com/skyrimspecialedition/users/31116590,https://www.nexusmods.com/skyrimspecialedition/mods/147010,Grounded,Cloth,TRUE,FALSE,FALSE,Female,Arcane; Civilian; College of Winterhold,TRUE,TRUE,Cloth / Linen,"{""SMP"":"""",""3BA"":""PREBUILT"",""HIMBO"":""N/A"",""OSL / B.O.O.B.I.E.S"":"""",""Other arousal"":"""",""VSU"":"""",""Heels"":""""}",https://staticdelivery.nexusmods.com/mods/1704/images/147010/147010-1765617686-502006045.png,https://images.nexusmods.com/mod-images/1704/t/large/14/147010/147010-1765617686-502006045.png,Existing category tag; verify against description if additional armor types are available.,NSFW
36,36,TRUE,TRUE,INCLUDE,MAGECORE,MAGECORE - hdt SMP (CBBE 3BA),Caenarvon,https://www.nexusmods.com/skyrimspecialedition/users/88049288,https://www.nexusmods.com/skyrimspecialedition/mods/113540,Grounded,Cloth,TRUE,FALSE,FALSE,Female,College of Winterhold; Arcane,TRUE,TRUE,Cloth / Linen,"{""SMP"":"""",""3BA"":""PREBUILT"",""HIMBO"":""N/A"",""OSL / B.O.O.B.I.E.S"":""https://www.nexusmods.com/skyrimspecialedition/mods/106672"",""Other arousal"":"""",""VSU"":""https://www.nexusmods.com/skyrimspecialedition/mods/119821"",""Heels"":""""}",https://staticdelivery.nexusmods.com/mods/1704/images/113540/113540-1710019539-1445018768.jpeg,https://images.nexusmods.com/mod-images/1704/t/large/11/113540/113540-1710019539-1445018768.jpeg,Existing category tag; verify against description if additional armor types are available.,NSFW
159,161,TRUE,TRUE,INCLUDE,Maid,Maid - 3BA,Ellxe,https://www.nexusmods.com/skyrimspecialedition/users/31116590,https://www.nexusmods.com/skyrimspecialedition/mods/86864,Modern,Cloth,TRUE,FALSE,FALSE,Female,Civilian,FALSE,FALSE,Cloth / Linen,"{""SMP"":"""",""3BA"":"""",""HIMBO"":"""",""OSL / B.O.O.B.I.E.S"":"""",""Other arousal"":"""",""VSU"":"""",""Heels"":""""}",https://staticdelivery.nexusmods.com/mods/1704/images/86864/86864-1765079918-2057098309.png,https://images.nexusmods.com/mod-images/1704/t/large/86/86864/86864-1765079918-2057098309.png,Existing category tag; verify against description if additional armor types are available.,NSFW
251,253,TRUE,TRUE,INCLUDE,Maid Outfit,Maid Outfit - 3BA - BHUNP Bodyslide,Nekomata17,https://www.nexusmods.com/skyrimspecialedition/users/5475932,https://www.nexusmods.com/skyrimspecialedition/mods/144137,Modern,Cloth,TRUE,FALSE,FALSE,Female,Civilian,FALSE,FALSE,Unassigned,"{""SMP"":"""",""3BA"":"""",""HIMBO"":"""",""OSL / B.O.O.B.I.E.S"":"""",""Other arousal"":"""",""VSU"":"""",""Heels"":""""}",https://staticdelivery.nexusmods.com/mods/1704/images/144137/144137-1741560080-1534998235.jpeg,https://images.nexusmods.com/mod-images/1704/t/large/14/144137/144137-1741560080-1534998235.jpeg,Existing category tag; verify against description if additional armor types are available.,NSFW
343,346,TRUE,TRUE,INCLUDE,Maid Outfits,Maid Outfits by zzjay and GraceDarkling,zzjay,https://www.nexusmods.com/skyrimspecialedition/users/2689072,https://www.nexusmods.com/skyrimspecialedition/mods/40217,Grounded,Cloth,TRUE,FALSE,FALSE,Female,Civilian,FALSE,FALSE,Unassigned,"{""SMP"":"""",""3BA"":"""",""HIMBO"":"""",""OSL / B.O.O.B.I.E.S"":"""",""Other arousal"":"""",""VSU"":"""",""Heels"":""""}",https://staticdelivery.nexusmods.com/mods/1704/images/40217/35125-2-1373649960.jpg,https://staticdelivery.nexusmods.com/mods/1704/images/40217/35125-2-1373649960.jpg,Existing category tag; verify against description if additional armor types are available.,NSFW
180,182,TRUE,TRUE,INCLUDE,Manticore Armor,Manticore Armor 3BA-CBBE-BHUNP-UNP,FafnyB,https://www.nexusmods.com/skyrimspecialedition/users/5275607,https://www.nexusmods.com/skyrimspecialedition/mods/132109,Modern,Light,FALSE,TRUE,FALSE,Female,Thieves Guild; Assassin; Beast,TRUE,TRUE,L5 - Leather,"{""SMP"":"""",""3BA"":""https://www.nexusmods.com/Core/Libs/Common/Widgets/DownloadPopUp?id=558875&game_id=1704"",""HIMBO"":""N/A"",""OSL / B.O.O.B.I.E.S"":"""",""Other arousal"":"""",""VSU"":"""",""Heels"":""""}",https://i.imgur.com/29vgbDi.png,https://i.imgur.com/29vgbDi.png,Existing category tag; verify against description if additional armor types are available.,Standard
307,310,TRUE,TRUE,INCLUDE,Maormer Seascale Set,Maormer Seascale Set,Pulcharmsolis,https://www.nexusmods.com/skyrimspecialedition/users/122433248,https://www.nexusmods.com/skyrimspecialedition/mods/91506,Grounded,Light,FALSE,FALSE,TRUE,Male,Maritime; Military,FALSE,FALSE,H2 - Bone Mold,"{""SMP"":"""",""3BA"":""N/A"",""HIMBO"":""https://www.nexusmods.com/skyrimspecialedition/mods/91583"",""OSL / B.O.O.B.I.E.S"":"""",""Other arousal"":"""",""VSU"":"""",""Heels"":""""}",https://staticdelivery.nexusmods.com/mods/1704/images/91506/91506-1684345694-450434542.png,https://images.nexusmods.com/mod-images/1704/t/large/91/91506/91506-1684345694-450434542.png,Existing category tag; verify against description if additional armor types are available.,Standard
276,279,TRUE,TRUE,INCLUDE,Masquerade Outfit,Obi's Masquerade Outfit 3BA 2K,Obicnii,https://www.nexusmods.com/skyrimspecialedition/users/59154696,https://www.nexusmods.com/skyrimspecialedition/mods/116474,Grounded,Cloth,TRUE,FALSE,FALSE,Female,Civilian; Royal; Volkihar Vampier Clan,FALSE,FALSE,Cloth / Linen,"{""SMP"":"""",""3BA"":""PREBUILT"",""HIMBO"":""N/A"",""OSL / B.O.O.B.I.E.S"":"""",""Other arousal"":"""",""VSU"":"""",""Heels"":""""}",https://i.postimg.cc/L6K960Hg/OVMOv-E3c-LA.png,https://i.postimg.cc/L6K960Hg/OVMOv-E3c-LA.png,Existing category tag; verify against description if additional armor types are available.,NSFW
181,183,TRUE,TRUE,INCLUDE,Master Thief Armor,Master Thief Armor 3BA-BHUNP-UNP-CBBE-HIMBO-Vanilla,FafnyB,https://www.nexusmods.com/skyrimspecialedition/users/5275607,https://www.nexusmods.com/skyrimspecialedition/mods/141700,Grounded,Light,FALSE,TRUE,FALSE,Male; Female,Thieves Guild; Assasssin,TRUE,TRUE,L11 - Dragon Scale,"{""SMP"":""https://www.nexusmods.com/skyrimspecialedition/mods/142095"",""3BA"":""PREBUILT"",""HIMBO"":""https://www.nexusmods.com/Core/Libs/Common/Widgets/DownloadPopUp?id=596357&game_id=1704"",""OSL / B.O.O.B.I.E.S"":"""",""Other arousal"":"""",""VSU"":"""",""Heels"":""""}",https://staticdelivery.nexusmods.com/mods/1704/images/141700/141700-1739578912-1083872321.png,https://images.nexusmods.com/mod-images/1704/t/large/14/141700/141700-1739578912-1083872321.png,Existing category tag; verify against description if additional armor types are available.,Standard
28,28,TRUE,TRUE,INCLUDE,Maya Instinct Killer,Ashtoreth Maya Instinct Killer,AshtorethH,https://www.nexusmods.com/skyrimspecialedition/users/108345998,https://www.nexusmods.com/skyrimspecialedition/mods/120954,Fantastical,Light,FALSE,TRUE,FALSE,Female,Thalmor; Military; Regal,FALSE,TRUE,L7 - Elven,"{""SMP"":"""",""3BA"":""PREBUILT"",""HIMBO"":""N/A"",""OSL / B.O.O.B.I.E.S"":"""",""Other arousal"":"""",""VSU"":"""",""Heels"":""""}",https://staticdelivery.nexusmods.com/mods/1704/images/120954/120954-1717614371-329973004.png,https://staticdelivery.nexusmods.com/mods/1704/images/120954/120954-1717614371-329973004.png,Existing category tag; verify against description if additional armor types are available.,NSFW
237,239,TRUE,TRUE,INCLUDE,Merchantress Outfits,Merchantress Outfits,Kreiste,https://www.nexusmods.com/skyrimspecialedition/users/5321695,https://www.nexusmods.com/skyrimspecialedition/mods/152508,Grounded,Cloth,TRUE,FALSE,FALSE,Male; Female,Civilian; Royal,FALSE,TRUE,Unassigned,"{""SMP"":"""",""3BA"":"""",""HIMBO"":"""",""OSL / B.O.O.B.I.E.S"":"""",""Other arousal"":"""",""VSU"":"""",""Heels"":""""}",https://staticdelivery.nexusmods.com/mods/1704/images/152508/152508-1749753283-1144629275.png,https://images.nexusmods.com/mod-images/1704/t/large/15/152508/152508-1749753283-1144629275.png,Existing category tag; verify against description if additional armor types are available.,Standard
333,336,TRUE,TRUE,INCLUDE,Midnight Huntress Armor,Midnight huntress armor (3BA SMP),SmolSaltLemon,https://www.nexusmods.com/skyrimspecialedition/users/202025696,https://www.nexusmods.com/skyrimspecialedition/mods/133408,Grounded,Light,FALSE,TRUE,FALSE,Female,Volkihar Vampire Clan; Dark Brotherhood; Thieves Guild,TRUE,FALSE,L4 - Forsworn,"{""SMP"":"""",""3BA"":""PREBUILT"",""HIMBO"":""N/A"",""OSL / B.O.O.B.I.E.S"":"""",""Other arousal"":"""",""VSU"":"""",""Heels"":""""}",https://staticdelivery.nexusmods.com/mods/1704/images/133408/133408-1731001942-1577224246.jpeg,https://staticdelivery.nexusmods.com/mods/1704/images/133408/133408-1731001942-1577224246.jpeg,Existing category tag; verify against description if additional armor types are available.,Standard
252,255,TRUE,TRUE,INCLUDE,Midnight Mistress Armor Mashup,Midnight Mistress Armor Mashup - SMP 3BA,Nocturrne,https://www.nexusmods.com/skyrimspecialedition/users/169620683,https://www.nexusmods.com/skyrimspecialedition/mods/168587,Grounded,Light,FALSE,TRUE,FALSE,Female,Military,FALSE,FALSE,Unassigned,"{""SMP"":"""",""3BA"":"""",""HIMBO"":"""",""OSL / B.O.O.B.I.E.S"":"""",""Other arousal"":"""",""VSU"":"""",""Heels"":""""}",https://staticdelivery.nexusmods.com/mods/1704/images/168587/168587-1767307027-261558373.png,https://images.nexusmods.com/mod-images/1704/t/large/16/168587/168587-1767307027-261558373.png,Existing category tag; verify against description if additional armor types are available.,NSFW
277,280,TRUE,TRUE,INCLUDE,Mizora Bodysuit,Obi's Mizora Bodysuit 2K 3BA,Obicnii,https://www.nexusmods.com/skyrimspecialedition/users/59154696,https://www.nexusmods.com/skyrimspecialedition/mods/104864,Grounded,Lingerie; Cloth,TRUE,FALSE,FALSE,Female,Daedra; Cultists,FALSE,FALSE,Cloth / Linen,"{""SMP"":"""",""3BA"":""PREBUILT"",""HIMBO"":""N/A"",""OSL / B.O.O.B.I.E.S"":"""",""Other arousal"":"""",""VSU"":"""",""Heels"":""""}",https://i.postimg.cc/L4jM33bX/M4-Tu5-Pj-Id9.png,https://i.postimg.cc/L4jM33bX/M4-Tu5-Pj-Id9.png,Existing category tag; verify against description if additional armor types are available.,NSFW
225,227,TRUE,TRUE,INCLUDE,Modular Mage,Modular Mage - CBBE 3BA - HDT SMP,Imperial2000,https://www.nexusmods.com/skyrimspecialedition/users/7993973,https://www.nexusmods.com/skyrimspecialedition/mods/116972,Fantastical,Light,FALSE,TRUE,FALSE,Female,Arcane; College of Winterhold,TRUE,TRUE,Unassigned,"{""SMP"":"""",""3BA"":"""",""HIMBO"":"""",""OSL / B.O.O.B.I.E.S"":"""",""Other arousal"":"""",""VSU"":"""",""Heels"":""""}",https://staticdelivery.nexusmods.com/mods/1704/images/116972/116972-1713341864-1842506027.png,https://staticdelivery.nexusmods.com/mods/1704/images/116972/116972-1713341864-1842506027.png,Existing category tag; verify against description if additional armor types are available.,NSFW
236,238,TRUE,TRUE,INCLUDE,Moon Monk's Robes,Moon Monk's Robes,Kadraeus,https://www.nexusmods.com/skyrimspecialedition/users/50744831,https://www.nexusmods.com/skyrimspecialedition/mods/82495,Grounded,Light,TRUE,FALSE,FALSE,Male; Female,Civilian; Divine; Khajiti,FALSE,TRUE,Unassigned,"{""SMP"":"""",""3BA"":"""",""HIMBO"":"""",""OSL / B.O.O.B.I.E.S"":"""",""Other arousal"":"""",""VSU"":"""",""Heels"":""""}",https://staticdelivery.nexusmods.com/mods/1704/images/82495/82495-1673399455-1755022273.png,https://images.nexusmods.com/mod-images/1704/t/large/82/82495/82495-1673399455-1755022273.png,Existing category tag; verify against description if additional armor types are available.,Standard
222,224,TRUE,TRUE,INCLUDE,Moonfeather Shaman,Moonfeather Shaman BHUNPv4 SMP,hyruledm,https://www.nexusmods.com/skyrimspecialedition/users/94893323,https://www.nexusmods.com/skyrimspecialedition/mods/159523,Grounded,Light,FALSE,TRUE,FALSE,Female,Civilian; Occult; Nature; Forsworn,FALSE,TRUE,Unassigned,"{""SMP"":"""",""3BA"":"""",""HIMBO"":"""",""OSL / B.O.O.B.I.E.S"":"""",""Other arousal"":"""",""VSU"":"""",""Heels"":""""}",https://staticdelivery.nexusmods.com/mods/1704/images/159523/159523-1758220468-1302148744.jpg,https://images.nexusmods.com/mod-images/1704/t/large/15/159523/159523-1758220468-1302148744.jpg,Existing category tag; verify against description if additional armor types are available.,NSFW
135,137,TRUE,TRUE,INCLUDE,More Scarves,More Scarves,DevInTheDetails,https://www.nexusmods.com/skyrimspecialedition/users/144021883,https://www.nexusmods.com/skyrimspecialedition/mods/149259,Grounded,Accessories,FALSE,FALSE,FALSE,,Civilian,FALSE,FALSE,Unassigned,"{""SMP"":"""",""3BA"":"""",""HIMBO"":"""",""OSL / B.O.O.B.I.E.S"":"""",""Other arousal"":"""",""VSU"":"""",""Heels"":""""}",https://staticdelivery.nexusmods.com/mods/1704/images/149259/149259-1746450029-1285332770.png,https://images.nexusmods.com/mod-images/1704/t/large/14/149259/149259-1746450029-1285332770.png,"Description audit required: no Clothing, Light, or Heavy tag currently present.",Standard
342,345,TRUE,TRUE,INCLUDE,MTM's Tavern Clothes,MTM's Tavern Clothes CBBE 3BBB SMP,Zynxx,https://www.nexusmods.com/skyrimspecialedition/users/25522364,https://www.nexusmods.com/skyrimspecialedition/mods/44245,Grounded,Cloth,TRUE,FALSE,FALSE,Female,Civilian,TRUE,FALSE,Unassigned,"{""SMP"":"""",""3BA"":"""",""HIMBO"":"""",""OSL / B.O.O.B.I.E.S"":"""",""Other arousal"":"""",""VSU"":"""",""Heels"":""""}",https://staticdelivery.nexusmods.com/mods/1704/images/44245/44245-1610361868-645151474.png,https://images.nexusmods.com/mod-images/1704/t/large/44/44245/44245-1610361868-645151474.png,Existing category tag; verify against description if additional armor types are available.,NSFW
88,90,TRUE,TRUE,INCLUDE,Mulan,COCO Mulan - CBBE-UUNP SE,Daymarr,https://www.nexusmods.com/skyrimspecialedition/users/8194845,https://www.nexusmods.com/skyrimspecialedition/mods/89916,Fantastical,Light,FALSE,TRUE,FALSE,Female,Royal,TRUE,TRUE,L4 - Forsworn,"{""SMP"":"""",""3BA"":""PREBUILT"",""HIMBO"":""N/A"",""OSL / B.O.O.B.I.E.S"":"""",""Other arousal"":"""",""VSU"":"""",""Heels"":""""}",https://staticdelivery.nexusmods.com/mods/1704/images/89916/89916-1682349641-1071680545.jpeg,https://images.nexusmods.com/mod-images/1704/t/large/89/89916/89916-1682349641-1071680545.jpeg,Existing category tag; verify against description if additional armor types are available.,NSFW
329,332,TRUE,TRUE,INCLUDE,My Sweet Courier,My Sweet Courier (3BA SMP),SmolSaltLemon,https://www.nexusmods.com/skyrimspecialedition/users/202025696,https://www.nexusmods.com/skyrimspecialedition/mods/149473,Modern,Cloth,TRUE,FALSE,FALSE,Female,Civilian,FALSE,FALSE,Cloth / Linen,"{""SMP"":"""",""3BA"":""PREBUILT"",""HIMBO"":""N/A"",""OSL / B.O.O.B.I.E.S"":"""",""Other arousal"":"""",""VSU"":"""",""Heels"":""""}",https://staticdelivery.nexusmods.com/mods/1704/images/149473/149473-1746641120-997070364.png,https://images.nexusmods.com/mod-images/1704/t/large/14/149473/149473-1746641120-997070364.png,Existing category tag; verify against description if additional armor types are available.,Standard
89,91,TRUE,TRUE,INCLUDE,Mysterious Knight,Mysterious Knight - CBBE-TBD-UUNP SE,Daymarr,https://www.nexusmods.com/skyrimspecialedition/users/8194845,https://www.nexusmods.com/skyrimspecialedition/mods/71925,Fantastical,Heavy,FALSE,FALSE,TRUE,Female,Military; Royal,TRUE,TRUE,H7 - Stalhrim,"{""SMP"":"""",""3BA"":""PREBUILT"",""HIMBO"":""N/A"",""OSL / B.O.O.B.I.E.S"":"""",""Other arousal"":"""",""VSU"":"""",""Heels"":""""}",https://staticdelivery.nexusmods.com/mods/1704/images/71925/71925-1658526086-1053525171.png,https://images.nexusmods.com/mod-images/1704/t/large/71/71925/71925-1658526086-1053525171.png,Existing category tag; verify against description if additional armor types are available.,NSFW
90,92,TRUE,TRUE,INCLUDE,Mysterious Mage,COCO Mysterious Mage - CBBE-UUNP SE,Daymarr,https://www.nexusmods.com/skyrimspecialedition/users/8194845,https://www.nexusmods.com/skyrimspecialedition/mods/97906,Fantastical,Cloth,TRUE,FALSE,FALSE,Female,Arcane; Occult,FALSE,FALSE,Cloth / Linen,"{""SMP"":"""",""3BA"":""PREBUILT"",""HIMBO"":""N/A"",""OSL / B.O.O.B.I.E.S"":"""",""Other arousal"":"""",""VSU"":"""",""Heels"":""""}",https://staticdelivery.nexusmods.com/mods/1704/images/97906/97906-1691637207-1901011515.jpeg,https://images.nexusmods.com/mod-images/1704/t/large/97/97906/97906-1691637207-1901011515.jpeg,Existing category tag; verify against description if additional armor types are available.,NSFW
160,162,TRUE,TRUE,INCLUDE,Necromant,Necromant - 3BA,Ellxe,https://www.nexusmods.com/skyrimspecialedition/users/31116590,https://www.nexusmods.com/skyrimspecialedition/mods/143886,Fantastical,Heavy,FALSE,FALSE,TRUE,Female,Occult; Arcane,TRUE,FALSE,"H6 - Ebony, H5 - Orcish","{""SMP"":"""",""3BA"":"""",""HIMBO"":"""",""OSL / B.O.O.B.I.E.S"":"""",""Other arousal"":"""",""VSU"":"""",""Heels"":""""}",https://staticdelivery.nexusmods.com/mods/1704/images/143886/143886-1765619305-2045835165.jpg,https://images.nexusmods.com/mod-images/1704/t/large/14/143886/143886-1765619305-2045835165.jpg,Existing category tag; verify against description if additional armor types are available.,NSFW
192,194,TRUE,TRUE,INCLUDE,New Leather Armor,New Leather Armor,furexarot,https://www.nexusmods.com/skyrimspecialedition/users/120770913,https://www.nexusmods.com/skyrimspecialedition/mods/132069,Grounded,Light,FALSE,TRUE,FALSE,Male; Female,Military; Royal,FALSE,FALSE,L5 - Leather,"{""SMP"":"""",""3BA"":""PREBUILT"",""HIMBO"":""PREBUILT"",""OSL / B.O.O.B.I.E.S"":"""",""Other arousal"":"""",""VSU"":"""",""Heels"":""""}",https://staticdelivery.nexusmods.com/mods/1704/images/132069/132069-1729778333-1000498945.jpeg,https://images.nexusmods.com/mod-images/1704/t/large/13/132069/132069-1729778333-1000498945.jpeg,Existing category tag; verify against description if additional armor types are available.,Standard
209,211,TRUE,TRUE,INCLUDE,Night Prowler Bodysuit,Night Prowler Bodysuit (3BA) (BHUNP),Grimlook33,https://www.nexusmods.com/skyrimspecialedition/users/12969605,https://www.nexusmods.com/skyrimspecialedition/mods/163162,Modern,Lingerie,FALSE,FALSE,FALSE,Female,Civilian,FALSE,FALSE,Unassigned,"{""SMP"":"""",""3BA"":"""",""HIMBO"":"""",""OSL / B.O.O.B.I.E.S"":"""",""Other arousal"":"""",""VSU"":"""",""Heels"":""""}",https://staticdelivery.nexusmods.com/mods/1704/images/163162/163162-1761878775-1221101839.jpg,https://images.nexusmods.com/mod-images/1704/t/large/16/163162/163162-1761878775-1221101839.jpg,"Description audit required: no Clothing, Light, or Heavy tag currently present.",NSFW
136,138,TRUE,TRUE,INCLUDE,Nightingale Clean Set,Nightingale Clean Set,DMan1629,https://www.nexusmods.com/skyrimspecialedition/users/32450325,https://www.nexusmods.com/skyrimspecialedition/mods/24621,Grounded,Light,FALSE,TRUE,FALSE,Male; Female,Thieves Guild,FALSE,FALSE,Unassigned,"{""SMP"":"""",""3BA"":"""",""HIMBO"":"""",""OSL / B.O.O.B.I.E.S"":"""",""Other arousal"":"""",""VSU"":"""",""Heels"":""""}",https://staticdelivery.nexusmods.com/mods/1704/images/24621/24621-1553967945-659446259.jpeg,https://images.nexusmods.com/mod-images/1704/t/large/24/24621/24621-1553967945-659446259.jpeg,Existing category tag; verify against description if additional armor types are available.,Standard
254,257,TRUE,TRUE,INCLUDE,Nightshade Mistress Outfit,Nightshade Mistress Outfit 2k 3BA BHUNP,Obicnii,https://www.nexusmods.com/skyrimspecialedition/users/59154696,https://www.nexusmods.com/skyrimspecialedition/mods/101787,Grounded,Light,TRUE,FALSE,FALSE,Female,Volkihar Vampire Clan; Occult; Daedric,TRUE,TRUE,Cloth / Linen,"{""SMP"":"""",""3BA"":""PREBUILT"",""HIMBO"":""N/A"",""OSL / B.O.O.B.I.E.S"":"""",""Other arousal"":""https://www.nexusmods.com/skyrimspecialedition/mods/102965"",""VSU"":"""",""Heels"":""""}",https://staticdelivery.nexusmods.com/mods/1704/images/101787/101787-1696374148-332697361.png,https://staticdelivery.nexusmods.com/mods/1704/images/101787/101787-1696374148-332697361.png,Existing category tag; verify against description if additional armor types are available.,NSFW
175,177,TRUE,TRUE,INCLUDE,Nirn Necessities,Nirn Necessities - SMP Accessories,Everglaid,https://www.nexusmods.com/skyrimspecialedition/users/2747421,https://www.nexusmods.com/skyrimspecialedition/mods/112481,Grounded,Accessories,FALSE,FALSE,FALSE,,Civilian; Nature,FALSE,TRUE,Unassigned,"{""SMP"":"""",""3BA"":""https://www.nexusmods.com/Core/Libs/Common/Widgets/DownloadPopUp?id=563436&game_id=1704"",""HIMBO"":""https://www.nexusmods.com/Core/Libs/Common/Widgets/DownloadPopUp?id=563436&game_id=1704"",""OSL / B.O.O.B.I.E.S"":"""",""Other arousal"":"""",""VSU"":"""",""Heels"":""""}",https://i.imgur.com/MIqY5ob.gif,https://i.imgur.com/MIqY5ob.gif,"Description audit required: no Clothing, Light, or Heavy tag currently present.",Standard
231,233,TRUE,TRUE,INCLUDE,Noble Pervert,J3 Noble Pervert 3BA,J0suk3,https://www.nexusmods.com/skyrimspecialedition/users/85241943,https://www.nexusmods.com/skyrimspecialedition/mods/111707,Modern,Lingerie,TRUE,FALSE,FALSE,Female,Civilian,FALSE,FALSE,Cloth / Linen,"{""SMP"":"""",""3BA"":""PREBUILT"",""HIMBO"":""N/A"",""OSL / B.O.O.B.I.E.S"":"""",""Other arousal"":"""",""VSU"":"""",""Heels"":""""}",https://staticdelivery.nexusmods.com/mods/1704/images/111707/111707-1707999387-1475380947.png,https://staticdelivery.nexusmods.com/mods/1704/images/111707/111707-1707999387-1475380947.png,Existing category tag; verify against description if additional armor types are available.,NSFW
278,281,TRUE,TRUE,INCLUDE,Nocturnal Noir Outfit,Obi's Nocturnal Noir Outfit 3BA BHUNP 2K,Obicnii,https://www.nexusmods.com/skyrimspecialedition/users/59154696,https://www.nexusmods.com/skyrimspecialedition/mods/97756,Grounded,Light,FALSE,TRUE,FALSE,Female,Civilian,TRUE,TRUE,L2 - Fur,"{""SMP"":"""",""3BA"":""PREBUILT"",""HIMBO"":""N/A"",""OSL / B.O.O.B.I.E.S"":"""",""Other arousal"":"""",""VSU"":"""",""Heels"":""""}",https://staticdelivery.nexusmods.com/mods/1704/images/97756/97756-1691366332-1740152611.jpeg,https://staticdelivery.nexusmods.com/mods/1704/images/97756/97756-1691488427-810959939.png,https://staticdelivery.nexusmods.com/mods/1704/images/97756/97756-1691488427-810959939.png,NSFW
292,295,TRUE,TRUE,INCLUDE,Nord Steelheart Armor,Nord Steelheart Armor,PrincessAries,https://www.nexusmods.com/skyrimspecialedition/users/71940798,https://www.nexusmods.com/skyrimspecialedition/mods/110922,Grounded,Heavy,FALSE,FALSE,TRUE,Male; Female,Nord; Military,FALSE,FALSE,H5 - Steel Plate,"{""SMP"":"""",""3BA"":""https://www.nexusmods.com/skyrimspecialedition/mods/111014"",""HIMBO"":""https://www.nexusmods.com/skyrimspecialedition/mods/129881?tab=files"",""OSL / B.O.O.B.I.E.S"":"""",""Other arousal"":"""",""VSU"":"""",""Heels"":""""}",https://staticdelivery.nexusmods.com/mods/1704/images/110922/110922-1708897474-20283557.png,https://images.nexusmods.com/mod-images/1704/t/large/11/110922/110922-1708897474-20283557.png,Existing category tag; verify against description if additional armor types are available.,Standard
2,2,TRUE,TRUE,INCLUDE,Northern God Armor,Northern God Armor SE,4thUnknown,https://www.nexusmods.com/skyrimspecialedition/users/49002333,https://www.nexusmods.com/skyrimspecialedition/mods/63772,Grounded,Heavy,FALSE,FALSE,TRUE,Male; Female,Military; Nord,FALSE,FALSE,Unassigned,"{""SMP"":"""",""3BA"":"""",""HIMBO"":"""",""OSL / B.O.O.B.I.E.S"":"""",""Other arousal"":"""",""VSU"":"""",""Heels"":""""}",https://staticdelivery.nexusmods.com/mods/1704/images/63772/111006-1645091256-1903579.jpeg,https://images.nexusmods.com/mod-images/1704/t/large/63/63772/111006-1645091256-1903579.jpeg,Existing category tag; verify against description if additional armor types are available.,Standard
212,214,TRUE,TRUE,INCLUDE,Northman,Northman - Armor Mashup,Hjartulv,https://www.nexusmods.com/skyrimspecialedition/users/142666898,https://www.nexusmods.com/skyrimspecialedition/mods/133313,Grounded,Heavy,FALSE,TRUE,FALSE,Male; Female,Military; Nord,FALSE,FALSE,L4 - Forsworn,"{""SMP"":"""",""3BA"":""N/A"",""HIMBO"":""https://www.nexusmods.com/skyrimspecialedition/mods/133395"",""OSL / B.O.O.B.I.E.S"":"""",""Other arousal"":"""",""VSU"":"""",""Heels"":""""}",https://staticdelivery.nexusmods.com/mods/1704/images/133313/133313-1730911090-1806136894.png,https://staticdelivery.nexusmods.com/mods/1704/images/133313/133313-1730911090-1806136894.png,Existing category tag; verify against description if additional armor types are available.,Standard
29,29,TRUE,TRUE,INCLUDE,Nurse,Ashtoreth Nurse 3BA,AshtorethH,https://www.nexusmods.com/skyrimspecialedition/users/108345998,https://www.nexusmods.com/skyrimspecialedition/mods/78497,Modern,Lingerie,TRUE,FALSE,FALSE,Female,Civilian,FALSE,FALSE,Cloth / Linen,"{""SMP"":"""",""3BA"":""PREBUILT"",""HIMBO"":""N/A"",""OSL / B.O.O.B.I.E.S"":"""",""Other arousal"":"""",""VSU"":"""",""Heels"":""""}",https://staticdelivery.nexusmods.com/mods/1704/images/78497/78497-1668051427-30627583.png,https://images.nexusmods.com/mod-images/1704/t/large/78/78497/78497-1668051427-30627583.png,Existing category tag; verify against description if additional armor types are available.,NSFW
286,289,TRUE,TRUE,INCLUDE,Obikini,Obikini 3BA 2K,Obicnii,https://www.nexusmods.com/skyrimspecialedition/users/59154696,https://www.nexusmods.com/skyrimspecialedition/mods/95173,Modern,Lingerie; Cloth,TRUE,FALSE,FALSE,Female,Daedra; Lingerie,FALSE,FALSE,Cloth / Linen,"{""SMP"":"""",""3BA"":""PREBUILT"",""HIMBO"":""N/A"",""OSL / B.O.O.B.I.E.S"":"""",""Other arousal"":"""",""VSU"":"""",""Heels"":""""}",https://staticdelivery.nexusmods.com/mods/1704/images/95173/95173-1688641255-78210366.jpeg,https://images.nexusmods.com/mod-images/1704/t/large/95/95173/95173-1688641255-78210366.jpeg,Existing category tag; verify against description if additional armor types are available.,NSFW
161,163,TRUE,TRUE,INCLUDE,October Seer,October Seer 3BA,Ellxe,https://www.nexusmods.com/skyrimspecialedition/users/31116590,https://www.nexusmods.com/skyrimspecialedition/mods/105472,Fantastical,Light,FALSE,TRUE,FALSE,Female,Occult; Arcane,TRUE,TRUE,L3 - Studded,"{""SMP"":"""",""3BA"":"""",""HIMBO"":"""",""OSL / B.O.O.B.I.E.S"":"""",""Other arousal"":"""",""VSU"":"""",""Heels"":""""}",https://staticdelivery.nexusmods.com/mods/1704/images/105472/105472-1765618635-1314147311.jpg,https://images.nexusmods.com/mod-images/1704/t/large/10/105472/105472-1765618635-1314147311.jpg,Existing category tag; verify against description if additional armor types are available.,NSFW
91,93,TRUE,TRUE,INCLUDE,Olga Discordia,Melodic Olga Discordia - CBBE-TBD-UUNP SE,Daymarr,https://www.nexusmods.com/skyrimspecialedition/users/8194845,https://www.nexusmods.com/skyrimspecialedition/mods/49772,Fantastical,Lingerie,TRUE,FALSE,FALSE,Female,Daedra; Occult,FALSE,FALSE,Cloth / Linen,"{""SMP"":"""",""3BA"":""PREBUILT"",""HIMBO"":""N/A"",""OSL / B.O.O.B.I.E.S"":"""",""Other arousal"":"""",""VSU"":"""",""Heels"":""""}",https://staticdelivery.nexusmods.com/mods/1704/images/49772/49772-1620781956-821038157.jpeg,https://images.nexusmods.com/mod-images/1704/t/large/49/49772/49772-1620781956-821038157.jpeg,Existing category tag; verify against description if additional armor types are available.,NSFW
55,56,TRUE,TRUE,INCLUDE,Open Dress,Open Dress,contentcat,https://www.nexusmods.com/skyrimspecialedition/users/69093453,https://www.nexusmods.com/skyrimspecialedition/mods/143861,Fantastical,Lingerie; Cloth,TRUE,FALSE,FALSE,Female,Civilian,FALSE,TRUE,Cloth / Linen,"{""SMP"":"""",""3BA"":""https://www.nexusmods.com/Core/Libs/Common/Widgets/DownloadPopUp?id=604932&game_id=1704"",""HIMBO"":""N/A"",""OSL / B.O.O.B.I.E.S"":""https://www.nexusmods.com/skyrimspecialedition/mods/106672"",""Other arousal"":"""",""VSU"":"""",""Heels"":""""}",https://i.imgur.com/QubtFRM.gif,https://i.imgur.com/QubtFRM.gif,Existing category tag; verify against description if additional armor types are available.,NSFW
56,57,TRUE,TRUE,INCLUDE,Pain Bringer,Bisquits Pain Bringer,contentcat,https://www.nexusmods.com/skyrimspecialedition/users/69093453,https://www.nexusmods.com/skyrimspecialedition/mods/111059,Fantastical,Cloth,TRUE,FALSE,FALSE,Female,Occult,FALSE,TRUE,Cloth / Linen,"{""SMP"":"""",""3BA"":""PREBUILT"",""HIMBO"":""N/A"",""OSL / B.O.O.B.I.E.S"":"""",""Other arousal"":"""",""VSU"":"""",""Heels"":""""}",https://staticdelivery.nexusmods.com/mods/1704/images/111059/111059-1739725521-1762301732.png,https://staticdelivery.nexusmods.com/mods/1704/images/111059/111059-1739725521-1762301732.png,Existing category tag; verify against description if additional armor types are available.,NSFW
291,294,TRUE,TRUE,INCLUDE,Penelope,Penelope,petiteemerald,https://www.nexusmods.com/skyrimspecialedition/users/99000653,https://www.nexusmods.com/skyrimspecialedition/mods/147688,Grounded,Light,TRUE,FALSE,FALSE,Female,Civilian,FALSE,TRUE,Cloth / Linen,"{""SMP"":"""",""3BA"":""PREBUILT"",""HIMBO"":""https://www.nexusmods.com/skyrimspecialedition/mods/149073"",""OSL / B.O.O.B.I.E.S"":"""",""Other arousal"":"""",""VSU"":"""",""Heels"":""""}",https://staticdelivery.nexusmods.com/mods/1704/images/147688/147688-1744838447-1999227888.jpeg,https://images.nexusmods.com/mod-images/1704/t/large/14/147688/147688-1744838447-1999227888.jpeg,Existing category tag; verify against description if additional armor types are available.,NSFW
308,311,TRUE,TRUE,INCLUDE,Pig Iron Set,Pig Iron Set,Pulcharmsolis,https://www.nexusmods.com/skyrimspecialedition/users/122433248,https://www.nexusmods.com/skyrimspecialedition/mods/126178,Grounded,Heavy,FALSE,FALSE,TRUE,Male; Female,Orsimer; Military,FALSE,FALSE,H5 - Orcish,"{""SMP"":"""",""3BA"":""N/A"",""HIMBO"":""https://www.nexusmods.com/skyrimspecialedition/mods/128429"",""OSL / B.O.O.B.I.E.S"":"""",""Other arousal"":"""",""VSU"":"""",""Heels"":""""}",https://staticdelivery.nexusmods.com/mods/1704/images/126178/126178-1725466548-1363219816.jpeg,https://images.nexusmods.com/mod-images/1704/t/large/12/126178/126178-1725466548-1363219816.jpeg,Existing category tag; verify against description if additional armor types are available.,Standard
92,94,TRUE,TRUE,INCLUDE,Pinup Cheongsam,COCO Pinup Cheongsam - CBBE-UUNP SE,Daymarr,https://www.nexusmods.com/skyrimspecialedition/users/8194845,https://www.nexusmods.com/skyrimspecialedition/mods/42238,Modern,Lingerie,TRUE,FALSE,FALSE,Female,Civilian,TRUE,TRUE,Cloth / Linen,"{""SMP"":"""",""3BA"":""PREBUILT"",""HIMBO"":""N/A"",""OSL / B.O.O.B.I.E.S"":"""",""Other arousal"":"""",""VSU"":"""",""Heels"":""""}",https://staticdelivery.nexusmods.com/mods/1704/images/42238/42238-1709261212-732046919.jpeg,https://images.nexusmods.com/mod-images/1704/t/large/42/42238/42238-1709261212-732046919.jpeg,Existing category tag; verify against description if additional armor types are available.,NSFW
162,164,TRUE,TRUE,INCLUDE,Pixie Dust,Pixie Dust 3BA,Ellxe,https://www.nexusmods.com/skyrimspecialedition/users/31116590,https://www.nexusmods.com/skyrimspecialedition/mods/90822,Fantastical,Light,FALSE,TRUE,FALSE,Female,Arcane; Nature,FALSE,TRUE,L2 - Fur,"{""SMP"":"""",""3BA"":"""",""HIMBO"":"""",""OSL / B.O.O.B.I.E.S"":"""",""Other arousal"":"""",""VSU"":"""",""Heels"":""""}",https://staticdelivery.nexusmods.com/mods/1704/images/90822/90822-1765016341-75086902.png,https://images.nexusmods.com/mod-images/1704/t/large/90/90822/90822-1765016341-75086902.png,Existing category tag; verify against description if additional armor types are available.,NSFW
336,339,TRUE,TRUE,INCLUDE,Priestess of Time,Priestess of Time BHUNP and 3BA,TectonicLeader,https://www.nexusmods.com/skyrimspecialedition/users/41383605,https://www.nexusmods.com/skyrimspecialedition/mods/141486,Fantastical,Cloth,TRUE,FALSE,FALSE,Female,Divine; Arcane,FALSE,TRUE,Cloth / Linen,"{""SMP"":"""",""3BA"":""PREBUILT"",""HIMBO"":""N/A"",""OSL / B.O.O.B.I.E.S"":"""",""Other arousal"":"""",""VSU"":"""",""Heels"":""""}",https://i.imgur.com/o0U6lg4.jpeg,https://i.imgur.com/o0U6lg4.jpeg,Existing category tag; verify against description if additional armor types are available.,NSFW
19,19,TRUE,TRUE,INCLUDE,Primal Dragonslayer Armor,Primal Dragonslayer Armor,AokiliMods,https://www.nexusmods.com/skyrimspecialedition/users/4747368,https://www.nexusmods.com/skyrimspecialedition/mods/121333,Fantastical,Heavy,FALSE,FALSE,TRUE,Female,Cultists,FALSE,FALSE,H7 - Dragon Plate,"{""SMP"":"""",""3BA"":""PREBUILT"",""HIMBO"":""N/A"",""OSL / B.O.O.B.I.E.S"":""https://www.nexusmods.com/skyrimspecialedition/mods/106672"",""Other arousal"":"""",""VSU"":"""",""Heels"":""""}",https://staticdelivery.nexusmods.com/mods/1704/images/121333/121333-1718381263-1105934606.jpeg,https://images.nexusmods.com/mod-images/1704/t/large/12/121333/121333-1718381263-1105934606.jpeg,Existing category tag; verify against description if additional armor types are available.,NSFW
238,240,TRUE,TRUE,INCLUDE,Publican Outfits for Innkeepers,Publican Outfits for Innkeepers (Vanilla Body - CBBE - HIMBO),Kreiste,https://www.nexusmods.com/skyrimspecialedition/users/5321695,https://www.nexusmods.com/skyrimspecialedition/mods/147423,Grounded,Cloth,TRUE,FALSE,FALSE,Male; Female,Civilian; Bards College,FALSE,FALSE,Cloth / Linen,"{""SMP"":"""",""3BA"":""https://www.nexusmods.com/skyrimspecialedition/mods/147650"",""HIMBO"":""https://www.nexusmods.com/Core/Libs/Common/Widgets/DownloadPopUp?id=617075&game_id=1704"",""OSL / B.O.O.B.I.E.S"":"""",""Other arousal"":"""",""VSU"":"""",""Heels"":""""}",https://staticdelivery.nexusmods.com/mods/1704/images/147423/147423-1773117046-1379271030.png,https://images.nexusmods.com/mod-images/1704/t/large/14/147423/147423-1773117046-1379271030.png,Existing category tag; verify against description if additional armor types are available.,Standard
33,33,TRUE,TRUE,INCLUDE,Queen Marika's Dress,[full_inu] Queen Marika's Dress SSE,Barraganchik,https://www.nexusmods.com/skyrimspecialedition/users/36203270,https://www.nexusmods.com/skyrimspecialedition/mods/83261,Grounded,Cloth,TRUE,FALSE,FALSE,Female,Royal; Civilian,TRUE,FALSE,Unassigned,"{""SMP"":"""",""3BA"":"""",""HIMBO"":"""",""OSL / B.O.O.B.I.E.S"":"""",""Other arousal"":"""",""VSU"":"""",""Heels"":""""}",https://staticdelivery.nexusmods.com/mods/1704/images/83261/83261-1674395440-1227648656.png,https://staticdelivery.nexusmods.com/mods/1704/images/83261/83261-1674395440-1227648656.png,Existing category tag; verify against description if additional armor types are available.,NSFW
205,207,TRUE,TRUE,INCLUDE,Regalia of the Scorned,Regalia of the Scorned - 3BA - BHUNP - CBBE - CBBE Physics,goampuja,https://www.nexusmods.com/skyrimspecialedition/users/52114451,https://www.nexusmods.com/skyrimspecialedition/mods/73138,Grounded,Light,FALSE,TRUE,FALSE,Female,Occult,FALSE,FALSE,L5 - Leather,"{""SMP"":"""",""3BA"":""PREBUILT"",""HIMBO"":""N/A"",""OSL / B.O.O.B.I.E.S"":"""",""Other arousal"":"""",""VSU"":"""",""Heels"":""""}",https://staticdelivery.nexusmods.com/mods/1704/images/73138/73138-1660679098-85028567.jpeg,https://staticdelivery.nexusmods.com/mods/1704/images/73138/73138-1660679098-85028567.jpeg,Existing category tag; verify against description if additional armor types are available.,NSFW
93,95,TRUE,TRUE,INCLUDE,Reverse Bunnysuit,Melodic Reverse Bunnysuit - CBBE-TBD-BHUNP SE,Daymarr,https://www.nexusmods.com/skyrimspecialedition/users/8194845,https://www.nexusmods.com/skyrimspecialedition/mods/51042,Modern,Lingerie,TRUE,FALSE,FALSE,Female,Civilian,FALSE,FALSE,Cloth / Linen,"{""SMP"":"""",""3BA"":""PREBUILT"",""HIMBO"":""N/A"",""OSL / B.O.O.B.I.E.S"":"""",""Other arousal"":"""",""VSU"":"""",""Heels"":""""}",https://staticdelivery.nexusmods.com/mods/1704/images/51042/51042-1623443230-1311118389.jpeg,https://images.nexusmods.com/mod-images/1704/t/large/51/51042/51042-1623443230-1311118389.jpeg,Existing category tag; verify against description if additional armor types are available.,NSFW
57,58,TRUE,TRUE,INCLUDE,Ribbon Outfit,Ribbon Outfit,contentcat,https://www.nexusmods.com/skyrimspecialedition/users/69093453,https://www.nexusmods.com/skyrimspecialedition/mods/155532,Modern,Lingerie,TRUE,FALSE,FALSE,Female,Civilian,FALSE,FALSE,Unassigned,"{""SMP"":"""",""3BA"":"""",""HIMBO"":"""",""OSL / B.O.O.B.I.E.S"":"""",""Other arousal"":"""",""VSU"":"""",""Heels"":""""}",https://staticdelivery.nexusmods.com/mods/1704/images/155532/155532-1754243518-1928645592.png,https://images.nexusmods.com/mod-images/1704/t/large/15/155532/155532-1754243518-1928645592.png,Existing category tag; verify against description if additional armor types are available.,NSFW
309,312,TRUE,TRUE,INCLUDE,Rihad Swordsman Set,Rihad Swordsman Set,Pulcharmsolis,https://www.nexusmods.com/skyrimspecialedition/users/122433248,https://www.nexusmods.com/skyrimspecialedition/mods/120576,Grounded,Light,FALSE,FALSE,TRUE,Male; Female,Redguard; Military,FALSE,FALSE,H4 - Dwarven,"{""SMP"":"""",""3BA"":""https://www.nexusmods.com/skyrimspecialedition/mods/122484"",""HIMBO"":""https://www.nexusmods.com/skyrimspecialedition/mods/122376"",""OSL / B.O.O.B.I.E.S"":"""",""Other arousal"":"""",""VSU"":"""",""Heels"":""""}",https://staticdelivery.nexusmods.com/mods/1704/images/120576/120576-1718306335-1936041591.jpeg,https://images.nexusmods.com/mod-images/1704/t/large/12/120576/120576-1718306335-1936041591.jpeg,Existing category tag; verify against description if additional armor types are available.,Standard
300,303,TRUE,TRUE,INCLUDE,River Watch Set,River Watch Set,Pulcharmsolis,https://www.nexusmods.com/skyrimspecialedition/users/122433248,https://www.nexusmods.com/skyrimspecialedition/mods/107904,Grounded,Light,FALSE,TRUE,FALSE,Male; Female,Forsworn: Military,FALSE,FALSE,L8 - Scaled,"{""SMP"":"""",""3BA"":""N/A"",""HIMBO"":""https://www.nexusmods.com/skyrimspecialedition/mods/125697"",""OSL / B.O.O.B.I.E.S"":"""",""Other arousal"":"""",""VSU"":"""",""Heels"":""""}",https://staticdelivery.nexusmods.com/mods/1704/images/107904/107904-1704610261-1586814640.png,https://staticdelivery.nexusmods.com/mods/1704/images/107904/107904-1704610261-1586814640.png,Existing category tag; verify against description if additional armor types are available.,Standard
296,299,TRUE,TRUE,INCLUDE,Riverfolk Clothes Set,Riverfolk Clothes Set,Pulcharmsolis,https://www.nexusmods.com/skyrimspecialedition/users/122433248,https://www.nexusmods.com/skyrimspecialedition/mods/135136,Grounded,Cloth; Light,TRUE,TRUE,FALSE,Male; Female,Civilian; Nature,FALSE,TRUE,Cloth / Linen,"{""SMP"":"""",""3BA"":""N/A"",""HIMBO"":""https://www.nexusmods.com/skyrimspecialedition/mods/136171"",""OSL / B.O.O.B.I.E.S"":"""",""Other arousal"":"""",""VSU"":"""",""Heels"":""""}",https://staticdelivery.nexusmods.com/mods/1704/images/135136/135136-1733946574-1617582665.jpeg,https://images.nexusmods.com/mod-images/1704/t/large/13/135136/135136-1733946574-1617582665.jpeg,Existing category tag; verify against description if additional armor types are available.,Standard
335,338,TRUE,TRUE,INCLUDE,Roaming Girl's Attire,Roaming Girl's Attire,Suna203,https://www.nexusmods.com/skyrimspecialedition/users/74489063,https://www.nexusmods.com/skyrimspecialedition/mods/143236,Grounded,Cloth,TRUE,FALSE,FALSE,Female,Civilian,FALSE,FALSE,Cloth / Linen,"{""SMP"":"""",""3BA"":""PREBUILT"",""HIMBO"":""N/A"",""OSL / B.O.O.B.I.E.S"":"""",""Other arousal"":"""",""VSU"":"""",""Heels"":""""}",https://staticdelivery.nexusmods.com/mods/1704/images/143236/143236-1742991641-456395899.png,https://staticdelivery.nexusmods.com/mods/1704/images/143236/143236-1742991641-456395899.png,Existing category tag; verify against description if additional armor types are available.,Standard
163,165,TRUE,TRUE,INCLUDE,Roca,Roca - 3BA,Ellxe,https://www.nexusmods.com/skyrimspecialedition/users/31116590,https://www.nexusmods.com/skyrimspecialedition/mods/129542,Grounded,Light,FALSE,TRUE,FALSE,Female,Nature; Thieves Guild,TRUE,TRUE,L5 - Leather,"{""SMP"":"""",""3BA"":"""",""HIMBO"":"""",""OSL / B.O.O.B.I.E.S"":"""",""Other arousal"":"""",""VSU"":"""",""Heels"":""""}",https://staticdelivery.nexusmods.com/mods/1704/images/129542/129542-1726654142-418744386.jpeg,https://staticdelivery.nexusmods.com/mods/1704/images/129542/129542-1726654142-418744386.jpeg,Existing category tag; verify against description if additional armor types are available.,NSFW
279,282,TRUE,TRUE,INCLUDE,Rogue Outfit,Obi's Rogue Outfit 2K 3BA,Obicnii,https://www.nexusmods.com/skyrimspecialedition/users/59154696,https://www.nexusmods.com/skyrimspecialedition/mods/99549,Grounded,Light,FALSE,TRUE,FALSE,Female,Volkihar Vampire Clan; Assassin,FALSE,FALSE,L5 - Leather,"{""SMP"":"""",""3BA"":""PREBUILT"",""HIMBO"":""N/A"",""OSL / B.O.O.B.I.E.S"":"""",""Other arousal"":"""",""VSU"":"""",""Heels"":""""}",https://staticdelivery.nexusmods.com/mods/1704/images/99549/99549-1693340198-1091300443.png,https://staticdelivery.nexusmods.com/mods/1704/images/99549/99549-1693340198-1091300443.png,Existing category tag; verify against description if additional armor types are available.,NSFW
20,20,TRUE,TRUE,INCLUDE,Rolling Waves,Rolling Waves,AokiliMods,https://www.nexusmods.com/skyrimspecialedition/users/4747368,https://www.nexusmods.com/skyrimspecialedition/mods/122469,Grounded,Light,FALSE,TRUE,FALSE,Female,Pirates; Maritime,FALSE,FALSE,L5 - Leather,"{""SMP"":"""",""3BA"":""PREBUILT"",""HIMBO"":""N/A"",""OSL / B.O.O.B.I.E.S"":""https://www.nexusmods.com/skyrimspecialedition/mods/106672"",""Other arousal"":"""",""VSU"":"""",""Heels"":""""}",https://staticdelivery.nexusmods.com/mods/1704/images/122469/122469-1719073154-121711487.jpeg,https://images.nexusmods.com/mod-images/1704/t/large/12/122469/122469-1719073154-121711487.jpeg,Existing category tag; verify against description if additional armor types are available.,NSFW
21,21,TRUE,TRUE,INCLUDE,Rover Armor,Rover Armor,AokiliMods,https://www.nexusmods.com/skyrimspecialedition/users/4747368,https://www.nexusmods.com/skyrimspecialedition/mods/126983,Modern,Light,FALSE,TRUE,FALSE,Female,Military,TRUE,TRUE,L5 - Leather,"{""SMP"":"""",""3BA"":""PREBUILT"",""HIMBO"":""PREBUILT"",""OSL / B.O.O.B.I.E.S"":""https://www.nexusmods.com/skyrimspecialedition/mods/106672"",""Other arousal"":"""",""VSU"":"""",""Heels"":""""}",https://staticdelivery.nexusmods.com/mods/1704/images/126983/126983-1724695458-615524728.jpeg,https://staticdelivery.nexusmods.com/mods/1704/images/126983/126983-1724695458-615524728.jpeg,Existing category tag; verify against description if additional armor types are available.,NSFW
22,22,TRUE,TRUE,INCLUDE,Royal Vanguard Armor,Royal Vanguard Armor,AokiliMods,https://www.nexusmods.com/skyrimspecialedition/users/4747368,https://www.nexusmods.com/skyrimspecialedition/mods/120373,Fantastical,Heavy,FALSE,FALSE,TRUE,Female,Royal; Military,FALSE,FALSE,H5 - Steel Plate,"{""SMP"":"""",""3BA"":""PREBUILT"",""HIMBO"":""N/A"",""OSL / B.O.O.B.I.E.S"":""https://www.nexusmods.com/skyrimspecialedition/mods/106672"",""Other arousal"":"""",""VSU"":"""",""Heels"":""""}",https://staticdelivery.nexusmods.com/mods/1704/images/120373/120373-1717539197-1473680511.jpeg,https://staticdelivery.nexusmods.com/mods/1704/images/120373/120373-1717539197-1473680511.jpeg,Existing category tag; verify against description if additional armor types are available.,NSFW
313,316,TRUE,TRUE,INCLUDE,Rugged Rogue Outfits,Rugged Rogue Outfits,QuarantineCouture,https://www.nexusmods.com/skyrimspecialedition/users/94213673,https://www.nexusmods.com/skyrimspecialedition/mods/40606,Grounded,Cloth,TRUE,FALSE,FALSE,Male; Female,Thieves Guild; Civilian; Maritime,FALSE,FALSE,Cloth / Linen,"{""SMP"":"""",""3BA"":""https://www.nexusmods.com/Core/Libs/Common/Widgets/DownloadPopUp?id=179598&game_id=1704"",""HIMBO"":""https://www.nexusmods.com/skyrimspecialedition/mods/64317"",""OSL / B.O.O.B.I.E.S"":"""",""Other arousal"":"""",""VSU"":"""",""Heels"":""""}",https://staticdelivery.nexusmods.com/mods/1704/images/40606/40606-1600460766-1489021937.jpeg,https://images.nexusmods.com/mod-images/1704/t/large/40/40606/40606-1600460766-1489021937.jpeg,Existing category tag; verify against description if additional armor types are available.,Standard
32,32,TRUE,TRUE,INCLUDE,Satisfactory Facial Piercings,Satisfactory Facial Piercings,Atschibakim,https://www.nexusmods.com/skyrimspecialedition/users/3348752,https://www.nexusmods.com/skyrimspecialedition/mods/76879,Grounded,Accessories,FALSE,FALSE,FALSE,Male; Female,Civilian,TRUE,TRUE,Unassigned,"{""SMP"":"""",""3BA"":""N/A"",""HIMBO"":""N/A"",""OSL / B.O.O.B.I.E.S"":"""",""Other arousal"":"""",""VSU"":"""",""Heels"":""""}",https://staticdelivery.nexusmods.com/mods/1704/images/76879/76879-1665503948-650212131.jpeg,https://images.nexusmods.com/mod-images/1704/t/large/76/76879/76879-1665503948-650212131.jpeg,"Description audit required: no Clothing, Light, or Heavy tag currently present.",Standard
190,192,TRUE,TRUE,INCLUDE,Savior's Hide Replacer 2,Savior's Hide Replacer 2,furexarot,https://www.nexusmods.com/skyrimspecialedition/users/120770913,https://www.nexusmods.com/skyrimspecialedition/mods/129638,Grounded,Heavy,FALSE,FALSE,TRUE,Male; Female,Military; Nord; Nature,TRUE,FALSE,H6 - Ebony,"{""SMP"":"""",""3BA"":""N/A"",""HIMBO"":""N/A"",""OSL / B.O.O.B.I.E.S"":"""",""Other arousal"":"""",""VSU"":"""",""Heels"":""""}",https://staticdelivery.nexusmods.com/mods/1704/images/129638/129638-1727041295-541379294.jpeg,https://images.nexusmods.com/mod-images/1704/t/large/12/129638/129638-1727041295-541379294.jpeg,Existing category tag; verify against description if additional armor types are available.,Standard
94,96,TRUE,TRUE,INCLUDE,Scarlet Rose,COCO Scarlet Rose - CBBE-TBD-UUNP SE,Daymarr,https://www.nexusmods.com/skyrimspecialedition/users/8194845,https://www.nexusmods.com/skyrimspecialedition/mods/65109,Fantastical,Cloth,TRUE,FALSE,FALSE,Female,Occult,TRUE,TRUE,Cloth / Linen,"{""SMP"":"""",""3BA"":""PREBUILT"",""HIMBO"":""N/A"",""OSL / B.O.O.B.I.E.S"":"""",""Other arousal"":"""",""VSU"":"""",""Heels"":""""}",https://staticdelivery.nexusmods.com/mods/1704/images/65109/65109-1647531066-881578780.png,https://images.nexusmods.com/mod-images/1704/t/large/65/65109/65109-1647531066-881578780.png,Existing category tag; verify against description if additional armor types are available.,NSFW
95,97,TRUE,TRUE,INCLUDE,Secret Child of Talos,Secret Child of Talos - CBBE-TBD-UUNP SE,Daymarr,https://www.nexusmods.com/skyrimspecialedition/users/8194845,https://www.nexusmods.com/skyrimspecialedition/mods/69767,Fantastical,Light,FALSE,TRUE,FALSE,Female,Civilian,FALSE,FALSE,L4 - Forsworn,"{""SMP"":"""",""3BA"":""PREBUILT"",""HIMBO"":""N/A"",""OSL / B.O.O.B.I.E.S"":"""",""Other arousal"":"""",""VSU"":"""",""Heels"":""""}",https://staticdelivery.nexusmods.com/mods/1704/images/69767/69767-1655415269-2129396110.png,https://images.nexusmods.com/mod-images/1704/t/large/69/69767/69767-1655415269-2129396110.png,Existing category tag; verify against description if additional armor types are available.,NSFW
182,184,TRUE,TRUE,INCLUDE,Sellsword Armor,Sellsword Armor 3BA-BHUNP-UBE-CBBE-UNP,FafnyB,https://www.nexusmods.com/skyrimspecialedition/users/5275607,https://www.nexusmods.com/skyrimspecialedition/mods/146631,Grounded,Light,FALSE,TRUE,FALSE,Female,Military; Thieves Guild; Nature; Maritime,TRUE,TRUE,L3 - Studded,"{""SMP"":"""",""3BA"":""PREBUILT"",""HIMBO"":""N/A"",""OSL / B.O.O.B.I.E.S"":"""",""Other arousal"":"""",""VSU"":"""",""Heels"":""""}",https://i.imgur.com/WBLKcch.png,https://i.imgur.com/WBLKcch.png,Existing category tag; verify against description if additional armor types are available.,Standard
164,166,TRUE,TRUE,INCLUDE,Sena,[ELLE] Sena,Ellxe,https://www.nexusmods.com/skyrimspecialedition/users/31116590,https://www.nexusmods.com/skyrimspecialedition/mods/140245,Grounded,Light,FALSE,TRUE,FALSE,Female,Civilian,TRUE,TRUE,L5 - Leather,"{""SMP"":"""",""3BA"":"""",""HIMBO"":"""",""OSL / B.O.O.B.I.E.S"":"""",""Other arousal"":"""",""VSU"":"""",""Heels"":""""}",https://staticdelivery.nexusmods.com/mods/1704/images/140245/140245-1765620996-642993134.jpg,https://images.nexusmods.com/mod-images/1704/t/large/14/140245/140245-1765620996-642993134.jpg,Existing category tag; verify against description if additional armor types are available.,NSFW
23,23,TRUE,TRUE,INCLUDE,Senecio Armor,Senecio Armor,AokiliMods,https://www.nexusmods.com/skyrimspecialedition/users/4747368,https://www.nexusmods.com/skyrimspecialedition/mods/133720,Grounded,Light,FALSE,TRUE,FALSE,Female,Military,FALSE,TRUE,L5 - Leather,"{""SMP"":"""",""3BA"":""PREBUILT"",""HIMBO"":""N/A"",""OSL / B.O.O.B.I.E.S"":""https://www.nexusmods.com/skyrimspecialedition/mods/106672"",""Other arousal"":"""",""VSU"":"""",""Heels"":""""}",https://staticdelivery.nexusmods.com/mods/1704/images/133720/133720-1731789315-1380840671.jpeg,https://images.nexusmods.com/mod-images/1704/t/large/13/133720/133720-1731789315-1380840671.jpeg,Existing category tag; verify against description if additional armor types are available.,NSFW
96,98,TRUE,TRUE,INCLUDE,Shadow Knight,Daymarr Shadow Knight - CBBE-UUNP SE,Daymarr,https://www.nexusmods.com/skyrimspecialedition/users/8194845,https://www.nexusmods.com/skyrimspecialedition/mods/119080,Fantastical,Light,FALSE,TRUE,FALSE,Female,Occult; Military,TRUE,FALSE,L4 - Forsworn,"{""SMP"":"""",""3BA"":""PREBUILT"",""HIMBO"":""N/A"",""OSL / B.O.O.B.I.E.S"":"""",""Other arousal"":"""",""VSU"":"""",""Heels"":""""}",https://staticdelivery.nexusmods.com/mods/1704/images/119080/119080-1715716843-1484959962.jpeg,https://staticdelivery.nexusmods.com/mods/1704/images/119080/119080-1715716843-1484959962.jpeg,Existing category tag; verify against description if additional armor types are available.,NSFW
137,139,TRUE,TRUE,INCLUDE,Sharkish Piercings,Sharkish Piercings - BHUNP and 3BA Body Piercings,DomainWolf,https://www.nexusmods.com/skyrimspecialedition/users/38957115,https://www.nexusmods.com/skyrimspecialedition/mods/57131,Grounded,Accessories,FALSE,FALSE,FALSE,Female,Civilian,FALSE,FALSE,Unassigned,"{""SMP"":"""",""3BA"":""PREBUILT"",""HIMBO"":""N/A"",""OSL / B.O.O.B.I.E.S"":"""",""Other arousal"":"""",""VSU"":"""",""Heels"":""""}",https://staticdelivery.nexusmods.com/mods/1704/images/57131/109378-1634370554-1964957928.png,https://images.nexusmods.com/mod-images/1704/t/large/57/57131/109378-1634370554-1964957928.png,"Description audit required: no Clothing, Light, or Heavy tag currently present.",NSFW
320,323,TRUE,TRUE,INCLUDE,Shas' Chains and Silks,Shas' Chains and Silks (SMP-3BA),ShasSaalLDred,https://www.nexusmods.com/skyrimspecialedition/users/152271893,https://www.nexusmods.com/skyrimspecialedition/mods/143720,Fantastical,Lingerie,TRUE,FALSE,FALSE,Female,Civilian; Maritime,TRUE,FALSE,Cloth / Linen,"{""SMP"":"""",""3BA"":""PREBUILT"",""HIMBO"":""N/A"",""OSL / B.O.O.B.I.E.S"":"""",""Other arousal"":"""",""VSU"":"""",""Heels"":""""}",https://staticdelivery.nexusmods.com/mods/1704/images/143720/143720-1742299599-1721703654.png,https://staticdelivery.nexusmods.com/mods/1704/images/143720/143720-1742299599-1721703654.png,Existing category tag; verify against description if additional armor types are available.,NSFW
324,327,TRUE,TRUE,INCLUDE,Shas' Devil Corset,Shas' Devil Corset (SMP-3BA),ShasSaalLDred,https://www.nexusmods.com/skyrimspecialedition/users/152271893,https://www.nexusmods.com/skyrimspecialedition/mods/133218,Fantastical,Light,FALSE,TRUE,FALSE,Female,Daedra; Lingerie; Occult,FALSE,FALSE,L3 - Studded,"{""SMP"":"""",""3BA"":""PREBUILT"",""HIMBO"":""N/A"",""OSL / B.O.O.B.I.E.S"":"""",""Other arousal"":"""",""VSU"":"""",""Heels"":""""}",https://staticdelivery.nexusmods.com/mods/1704/images/133218/133218-1730899396-357629776.png,https://images.nexusmods.com/mod-images/1704/t/large/13/133218/133218-1730899396-357629776.png,Existing category tag; verify against description if additional armor types are available.,NSFW
323,326,TRUE,TRUE,INCLUDE,Shas' Equipable Hand Nails,Shas' Equipable Hand Nails,ShasSaalLDred,https://www.nexusmods.com/skyrimspecialedition/users/152271893,https://www.nexusmods.com/skyrimspecialedition/mods/120716,Grounded,Accessories,FALSE,FALSE,FALSE,Female,Civilian,FALSE,FALSE,Unassigned,"{""SMP"":"""",""3BA"":""N/A"",""HIMBO"":""N/A"",""OSL / B.O.O.B.I.E.S"":"""",""Other arousal"":"""",""VSU"":"""",""Heels"":""""}",https://staticdelivery.nexusmods.com/mods/1704/images/120716/120716-1717262265-1263578152.png,https://images.nexusmods.com/mod-images/1704/t/large/12/120716/120716-1717262265-1263578152.png,"Description audit required: no Clothing, Light, or Heavy tag currently present.",Standard
165,167,TRUE,TRUE,INCLUDE,Sherwood Huntress,Sherwood Huntress 3BA,Ellxe,https://www.nexusmods.com/skyrimspecialedition/users/31116590,https://www.nexusmods.com/skyrimspecialedition/mods/91750,Grounded,Light,FALSE,TRUE,FALSE,Female,Nature,TRUE,TRUE,L1 - Hide,"{""SMP"":"""",""3BA"":"""",""HIMBO"":"""",""OSL / B.O.O.B.I.E.S"":"""",""Other arousal"":"""",""VSU"":"""",""Heels"":""""}",https://staticdelivery.nexusmods.com/mods/1704/images/91750/91750-1765080831-1498803081.png,https://images.nexusmods.com/mod-images/1704/t/large/91/91750/91750-1765080831-1498803081.png,Existing category tag; verify against description if additional armor types are available.,NSFW
69,70,TRUE,TRUE,INCLUDE,Sigrin Silver Fox,Sigrin Silver Fox,DarkDukla,https://www.nexusmods.com/skyrimspecialedition/users/18292594,https://www.nexusmods.com/skyrimspecialedition/mods/144670,Grounded,Light,FALSE,TRUE,FALSE,Female,Civilian; Nord,FALSE,FALSE,L5 - Leather,"{""SMP"":"""",""3BA"":""PREBUILT"",""HIMBO"":""N/A"",""OSL / B.O.O.B.I.E.S"":"""",""Other arousal"":"""",""VSU"":"""",""Heels"":""""}",https://staticdelivery.nexusmods.com/mods/1704/images/144670/144670-1741946365-1514908516.png,https://images.nexusmods.com/mod-images/1704/t/large/14/144670/144670-1741946365-1514908516.png,Existing category tag; verify against description if additional armor types are available.,Standard
44,44,TRUE,TRUE,INCLUDE,Silent Woods,Ashtoreth - Silent Woods - 3BA - ESPFE,coldsun1187,https://www.nexusmods.com/skyrimspecialedition/users/9762372,https://www.nexusmods.com/skyrimspecialedition/mods/114859,Grounded,Light,FALSE,TRUE,FALSE,Female,Civilian; Nature,FALSE,TRUE,L5 - Leather,"{""SMP"":"""",""3BA"":""PREBUILT"",""HIMBO"":""N/A"",""OSL / B.O.O.B.I.E.S"":"""",""Other arousal"":"""",""VSU"":"""",""Heels"":""""}",https://staticdelivery.nexusmods.com/mods/1704/images/114859/114859-1711231023-521599162.jpeg,https://images.nexusmods.com/mod-images/1704/t/large/11/114859/114859-1711231023-521599162.jpeg,Existing category tag; verify against description if additional armor types are available.,NSFW
310,313,TRUE,TRUE,INCLUDE,Silt Strider Armor,Silt Strider Armor,Pulcharmsolis,https://www.nexusmods.com/skyrimspecialedition/users/122433248,https://www.nexusmods.com/skyrimspecialedition/mods/69920,Grounded,Heavy,FALSE,FALSE,TRUE,Male,Military,FALSE,FALSE,H5 - Steel Plate,"{""SMP"":"""",""3BA"":""N/A"",""HIMBO"":""https://www.nexusmods.com/skyrimspecialedition/mods/86503"",""OSL / B.O.O.B.I.E.S"":"""",""Other arousal"":"""",""VSU"":"""",""Heels"":""""}",https://staticdelivery.nexusmods.com/mods/1704/images/69920/69920-1688019982-747701029.png,https://staticdelivery.nexusmods.com/mods/1704/images/69920/69920-1688019982-747701029.png,Existing category tag; verify against description if additional armor types are available.,Standard
3,3,TRUE,TRUE,INCLUDE,Silver Armor,Silver Armor SE,4thUnknown,https://www.nexusmods.com/skyrimspecialedition/users/49002333,https://www.nexusmods.com/skyrimspecialedition/mods/79088,Grounded,Heavy,FALSE,FALSE,TRUE,Male; Female,Military; Royal,FALSE,FALSE,Unassigned,"{""SMP"":"""",""3BA"":"""",""HIMBO"":"""",""OSL / B.O.O.B.I.E.S"":"""",""Other arousal"":"""",""VSU"":"""",""Heels"":""""}",https://staticdelivery.nexusmods.com/mods/1704/images/79088/79088-1668940760-1995561972.jpeg,https://images.nexusmods.com/mod-images/1704/t/large/79/79088/79088-1668940760-1995561972.jpeg,Existing category tag; verify against description if additional armor types are available.,Standard
347,350,TRUE,TRUE,INCLUDE,Silver Witch 3BA SMP,[NimRain] Silver Witch,NimRain,,https://www.nexusmods.com/skyrimspecialedition/mods/172910,Modern,Lingerie,FALSE,TRUE,FALSE,Female,Occult; Arcane,FALSE,FALSE,Unassigned,"{""SMP"":"""",""3BA"":"""",""HIMBO"":"""",""OSL / B.O.O.B.I.E.S"":"""",""Other arousal"":"""",""VSU"":"""",""Heels"":""""}",https://staticdelivery.nexusmods.com/mods/1704/images/172910/172910-1771503261-2092085958.jpg,/images/recent/silver-witch-thumbnail.jpg,Existing category tag; verify against description if additional armor types are available.,NSFW
166,168,TRUE,TRUE,INCLUDE,SK Shinobi,SK Shinobi - 3BA,Ellxe,https://www.nexusmods.com/skyrimspecialedition/users/31116590,https://www.nexusmods.com/skyrimspecialedition/mods/133684,Fantastical,Heavy,FALSE,FALSE,TRUE,Female,Assassin; Thieves Guild,TRUE,TRUE,"H3 - Steel, H4 - Dwarven","{""SMP"":"""",""3BA"":"""",""HIMBO"":"""",""OSL / B.O.O.B.I.E.S"":"""",""Other arousal"":"""",""VSU"":"""",""Heels"":""""}",https://staticdelivery.nexusmods.com/mods/1704/images/133684/133684-1765621244-1482625181.jpg,https://images.nexusmods.com/mod-images/1704/t/large/13/133684/133684-1765621244-1482625181.jpg,Existing category tag; verify against description if additional armor types are available.,NSFW
280,283,TRUE,TRUE,INCLUDE,SkimpyDemon Armor,Obi's SkimpyDemon armor 3BA,Obicnii,https://www.nexusmods.com/skyrimspecialedition/users/59154696,https://www.nexusmods.com/skyrimspecialedition/mods/125434,Fantastical,Light,TRUE,FALSE,FALSE,Female,Daedra; Occult; Volkihar Vampire Clan,FALSE,FALSE,Cloth / Linen,"{""SMP"":"""",""3BA"":""PREBUILT"",""HIMBO"":""N/A"",""OSL / B.O.O.B.I.E.S"":"""",""Other arousal"":"""",""VSU"":"""",""Heels"":""""}",https://staticdelivery.nexusmods.com/mods/1704/images/125434/125434-1722175515-1017096558.png,https://images.nexusmods.com/mod-images/1704/t/large/12/125434/125434-1722175515-1017096558.png,Existing category tag; verify against description if additional armor types are available.,NSFW
281,284,TRUE,TRUE,INCLUDE,Skirt and Shirt,Obi's Skirt and Shirt 3BA 4k,Obicnii,https://www.nexusmods.com/skyrimspecialedition/users/59154696,https://www.nexusmods.com/skyrimspecialedition/mods/128400,Modern,Cloth,TRUE,FALSE,FALSE,Female,Civilian,FALSE,FALSE,Cloth / Linen,"{""SMP"":"""",""3BA"":""PREBUILT"",""HIMBO"":""N/A"",""OSL / B.O.O.B.I.E.S"":"""",""Other arousal"":"""",""VSU"":"""",""Heels"":""""}",https://staticdelivery.nexusmods.com/mods/1704/images/128400/128400-1725634143-951575497.png,https://staticdelivery.nexusmods.com/mods/1704/images/128400/128400-1725634143-951575497.png,Existing category tag; verify against description if additional armor types are available.,NSFW
62,63,TRUE,TRUE,INCLUDE,Skyforge Azur Lane Bell Wild West,Skyforge Azur Lane Bell Wild West,CrashnFlash,https://www.nexusmods.com/skyrimspecialedition/users/179718669,https://www.nexusmods.com/skyrimspecialedition/mods/151612,Grounded,Cloth,TRUE,FALSE,FALSE,Female,Civilian; Maritime,FALSE,TRUE,Cloth / Linen,"{""SMP"":"""",""3BA"":""PREBUILT"",""HIMBO"":""N/A"",""OSL / B.O.O.B.I.E.S"":"""",""Other arousal"":"""",""VSU"":"""",""Heels"":""""}",https://staticdelivery.nexusmods.com/mods/1704/images/151612/151612-1750228225-1277007837.jpg,https://staticdelivery.nexusmods.com/mods/1704/images/151612/151612-1750228225-1277007837.jpg,Existing category tag; verify against description if additional armor types are available.,Standard
217,219,TRUE,TRUE,INCLUDE,Skyforge Twilight Wyvern,Skyforge Twilight Wyvern,hwybee4996,https://www.nexusmods.com/skyrimspecialedition/users/38307240,https://www.nexusmods.com/skyrimspecialedition/mods/131162,Fantastical,Light,FALSE,TRUE,FALSE,Female,Arcane; Daedra; Occult,TRUE,TRUE,Unassigned,"{""SMP"":"""",""3BA"":"""",""HIMBO"":"""",""OSL / B.O.O.B.I.E.S"":"""",""Other arousal"":"""",""VSU"":"""",""Heels"":""""}",https://staticdelivery.nexusmods.com/mods/1704/images/131162/131162-1760668142-2025412340.jpg,https://staticdelivery.nexusmods.com/mods/1704/images/131162/131162-1760668142-2025412340.jpg,Existing category tag; verify against description if additional armor types are available.,NSFW
243,245,FALSE,FALSE,EXCLUDE,SkyTittie's Clothing Standalone 50 outfits,SkyTittie's Clothing Standalone 50 outfits. 3BA,Lorddkkr,https://www.nexusmods.com/skyrimspecialedition/users/124165378,https://www.nexusmods.com/skyrimspecialedition/mods/86605,Modern,Cloth,TRUE,FALSE,FALSE,Female,Civilian,FALSE,FALSE,Unassigned,"{""SMP"":"""",""3BA"":"""",""HIMBO"":"""",""OSL / B.O.O.B.I.E.S"":"""",""Other arousal"":"""",""VSU"":"""",""Heels"":""""}",https://staticdelivery.nexusmods.com/mods/1704/images/86605/86605-1678308725-1487969883.png,https://staticdelivery.nexusmods.com/mods/1704/images/86605/86605-1678308725-1487969883.png,Existing category tag; verify against description if additional armor types are available.,NSFW
58,59,TRUE,TRUE,INCLUDE,SMP Earrings and Necklaces,SMP Earrings and Necklaces,contentcat,https://www.nexusmods.com/skyrimspecialedition/users/69093453,https://www.nexusmods.com/skyrimspecialedition/mods/110894,Grounded,Accessories,FALSE,FALSE,FALSE,,Civilian,FALSE,FALSE,Unassigned,"{""SMP"":"""",""3BA"":""N/A"",""HIMBO"":""N/A"",""OSL / B.O.O.B.I.E.S"":"""",""Other arousal"":"""",""VSU"":"""",""Heels"":""""}",https://staticdelivery.nexusmods.com/mods/1704/images/110894/110894-1707110156-1573767134.png,https://staticdelivery.nexusmods.com/mods/1704/images/110894/110894-1707110156-1573767134.png,"Description audit required: no Clothing, Light, or Heavy tag currently present.",Standard
97,99,TRUE,TRUE,INCLUDE,Snow Queen,COCO Snow Queen - CBBE-UUNP SE,Daymarr,https://www.nexusmods.com/skyrimspecialedition/users/8194845,https://www.nexusmods.com/skyrimspecialedition/mods/94596,Fantastical,Cloth,TRUE,FALSE,FALSE,Female,Royal; Divine,TRUE,TRUE,Cloth / Linen,"{""SMP"":"""",""3BA"":""PREBUILT"",""HIMBO"":""N/A"",""OSL / B.O.O.B.I.E.S"":"""",""Other arousal"":"""",""VSU"":"""",""Heels"":""""}",https://staticdelivery.nexusmods.com/mods/1704/images/94596/94596-1688184953-2085767422.jpeg,https://staticdelivery.nexusmods.com/mods/1704/images/94596/94596-1688184953-2085767422.jpeg,Existing category tag; verify against description if additional armor types are available.,NSFW
46,46,TRUE,TRUE,INCLUDE,Sorcerer Outfits,Sorcerer Outfits,Collygon,https://www.nexusmods.com/skyrimspecialedition/users/7421795,https://www.nexusmods.com/skyrimspecialedition/mods/137725,Grounded,Cloth,TRUE,FALSE,FALSE,Male; Female,Arcane; Civilian,FALSE,TRUE,Unassigned,"{""SMP"":"""",""3BA"":"""",""HIMBO"":"""",""OSL / B.O.O.B.I.E.S"":"""",""Other arousal"":"""",""VSU"":"""",""Heels"":""""}",https://staticdelivery.nexusmods.com/mods/1704/images/137725/137725-1735620270-100641609.jpeg,https://staticdelivery.nexusmods.com/mods/1704/images/137725/137725-1735620270-100641609.jpeg,Existing category tag; verify against description if additional armor types are available.,Standard
167,169,TRUE,TRUE,INCLUDE,Sparrows Mage,Sparrows Mage 3BA,Ellxe,https://www.nexusmods.com/skyrimspecialedition/users/31116590,https://www.nexusmods.com/skyrimspecialedition/mods/96211,Grounded,Light,FALSE,TRUE,FALSE,Female,Arcane; Civilian,FALSE,FALSE,L9 - Elven Gilded,"{""SMP"":"""",""3BA"":"""",""HIMBO"":"""",""OSL / B.O.O.B.I.E.S"":"""",""Other arousal"":"""",""VSU"":"""",""Heels"":""""}",https://staticdelivery.nexusmods.com/mods/1704/images/96211/96211-1765083468-53925503.png,https://images.nexusmods.com/mod-images/1704/t/large/96/96211/96211-1765083468-53925503.png,Existing category tag; verify against description if additional armor types are available.,NSFW
30,30,TRUE,TRUE,INCLUDE,Spartacus Slave,Ashtoreth Spartacus Slave,AshtorethH,https://www.nexusmods.com/skyrimspecialedition/users/108345998,https://www.nexusmods.com/skyrimspecialedition/mods/121673,Grounded,Cloth,TRUE,FALSE,FALSE,Female,Civilian,FALSE,FALSE,Cloth / Linen,"{""SMP"":"""",""3BA"":""PREBUILT"",""HIMBO"":""N/A"",""OSL / B.O.O.B.I.E.S"":"""",""Other arousal"":"""",""VSU"":"""",""Heels"":""""}",https://staticdelivery.nexusmods.com/mods/1704/images/121673/121673-1718132959-1517494855.png,https://staticdelivery.nexusmods.com/mods/1704/images/121673/121673-1718132959-1517494855.png,Existing category tag; verify against description if additional armor types are available.,NSFW
59,60,TRUE,TRUE,INCLUDE,Speed Buster Heart Girl,Speed Buster Heart Girl,contentcat,https://www.nexusmods.com/skyrimspecialedition/users/69093453,https://www.nexusmods.com/skyrimspecialedition/mods/160108,Fantastical,Cloth,TRUE,FALSE,FALSE,Female,Civilian,FALSE,FALSE,Unassigned,"{""SMP"":"""",""3BA"":"""",""HIMBO"":"""",""OSL / B.O.O.B.I.E.S"":"""",""Other arousal"":"""",""VSU"":"""",""Heels"":""""}",https://staticdelivery.nexusmods.com/mods/1704/images/160108/160108-1759069125-1515415222.png,https://staticdelivery.nexusmods.com/mods/1704/images/160108/160108-1759069125-1515415222.png,Existing category tag; verify against description if additional armor types are available.,NSFW
24,24,TRUE,TRUE,INCLUDE,Star Guardian,Star Guardian,AokiliMods,https://www.nexusmods.com/skyrimspecialedition/users/4747368,https://www.nexusmods.com/skyrimspecialedition/mods/125628,Fantastical,Cloth; Light,TRUE,FALSE,FALSE,Female,Military,TRUE,TRUE,Cloth / Linen,"{""SMP"":"""",""3BA"":""PREBUILT"",""HIMBO"":""PREBUILT"",""OSL / B.O.O.B.I.E.S"":""https://www.nexusmods.com/skyrimspecialedition/mods/106672"",""Other arousal"":"""",""VSU"":"""",""Heels"":""https://www.nexusmods.com/skyrimspecialedition/mods/144402""}",https://staticdelivery.nexusmods.com/mods/1704/images/125628/125628-1729927770-513929846.jpeg,https://images.nexusmods.com/mod-images/1704/t/large/12/125628/125628-1729927770-513929846.jpeg,Existing category tag; verify against description if additional armor types are available.,NSFW
233,235,TRUE,TRUE,INCLUDE,Stoneheart Jewelry,Stoneheart Jewelry SMP,JennyPennyJelapeni,https://www.nexusmods.com/skyrimspecialedition/users/71189578,https://www.nexusmods.com/skyrimspecialedition/mods/35229,Grounded,Accessories,FALSE,FALSE,FALSE,Female,Civilian,FALSE,FALSE,Unassigned,"{""SMP"":""https://www.nexusmods.com/Core/Libs/Common/Widgets/DownloadPopUp?id=136629&game_id=1704"",""3BA"":""N/A"",""HIMBO"":""N/A"",""OSL / B.O.O.B.I.E.S"":"""",""Other arousal"":"""",""VSU"":"""",""Heels"":""""}",https://staticdelivery.nexusmods.com/mods/1704/images/35229/35229-1587922443-1381731956.jpeg,https://images.nexusmods.com/mod-images/1704/t/large/35/35229/35229-1587922443-1381731956.jpeg,"Description audit required: no Clothing, Light, or Heavy tag currently present.",Standard
293,296,TRUE,TRUE,INCLUDE,Stormcloak Einherjar Armors,Stormcloak Einherjar Armors,PrincessAries,https://www.nexusmods.com/skyrimspecialedition/users/71940798,https://www.nexusmods.com/skyrimspecialedition/mods/100787,Grounded,Heavy,FALSE,FALSE,TRUE,Male; Female,Stormcloaks; Nord,FALSE,FALSE,H3 - Steel,"{""SMP"":""https://www.nexusmods.com/Core/Libs/Common/Widgets/DownloadPopUp?id=505019&game_id=1704"",""3BA"":""https://www.nexusmods.com/Core/Libs/Common/Widgets/DownloadPopUp?id=505020&game_id=1704"",""HIMBO"":""https://www.nexusmods.com/skyrimspecialedition/mods/124980"",""OSL / B.O.O.B.I.E.S"":"""",""Other arousal"":"""",""VSU"":"""",""Heels"":""""}",https://staticdelivery.nexusmods.com/mods/1704/images/100787/100787-1695272184-1882044389.png,https://staticdelivery.nexusmods.com/mods/1704/images/100787/100787-1695272184-1882044389.png,Existing category tag; verify against description if additional armor types are available.,Standard
206,208,TRUE,TRUE,INCLUDE,Stormcloak Warmaiden Armor,Stormcloak Warmaiden Armor,GolinskiPRH,https://www.nexusmods.com/skyrimspecialedition/users/72664818,https://www.nexusmods.com/skyrimspecialedition/mods/60530,Grounded,Light,FALSE,TRUE,FALSE,Female,Stormcloaks; Nord,FALSE,FALSE,Unassigned,"{""SMP"":"""",""3BA"":""https://www.nexusmods.com/Core/Libs/Common/Widgets/DownloadPopUp?id=271241&game_id=1704&nmm=1"",""HIMBO"":""https://www.nexusmods.com/Core/Libs/Common/Widgets/DownloadPopUp?id=271243&game_id=1704&nmm=1"",""OSL / B.O.O.B.I.E.S"":"""",""Other arousal"":"""",""VSU"":"""",""Heels"":""""}",https://staticdelivery.nexusmods.com/mods/1704/images/60530/60530-1640190065-807474849.png,https://images.nexusmods.com/mod-images/1704/t/large/60/60530/60530-1640190065-807474849.png,Existing category tag; verify against description if additional armor types are available.,NSFW
31,31,TRUE,TRUE,INCLUDE,Succubus,Ashtoreth Succubus,AshtorethH,https://www.nexusmods.com/skyrimspecialedition/users/108345998,https://www.nexusmods.com/skyrimspecialedition/mods/83155,Modern,Light,FALSE,TRUE,FALSE,Female,Daedra,FALSE,TRUE,L5 - Leather,"{""SMP"":"""",""3BA"":""PREBUILT"",""HIMBO"":""N/A"",""OSL / B.O.O.B.I.E.S"":"""",""Other arousal"":"""",""VSU"":"""",""Heels"":""""}",https://staticdelivery.nexusmods.com/mods/1704/images/83155/83155-1674244409-1795788698.png,https://staticdelivery.nexusmods.com/mods/1704/images/83155/83155-1674244409-1795788698.png,Existing category tag; verify against description if additional armor types are available.,NSFW
341,344,TRUE,TRUE,INCLUDE,SucubusSister,SucubusSister 3BA,ZhizhenCong,https://www.nexusmods.com/skyrimspecialedition/users/101964943,https://www.nexusmods.com/skyrimspecialedition/mods/135279,Fantastical,Cloth,TRUE,FALSE,FALSE,Female,Daedra; Occult,TRUE,TRUE,Cloth / Linen,"{""SMP"":"""",""3BA"":""PREBUILT"",""HIMBO"":""N/A"",""OSL / B.O.O.B.I.E.S"":"""",""Other arousal"":"""",""VSU"":"""",""Heels"":""""}",https://staticdelivery.nexusmods.com/mods/1704/images/135279/135279-1733247077-462671897.jpeg,https://staticdelivery.nexusmods.com/mods/1704/images/135279/135279-1733247077-462671897.jpeg,Existing category tag; verify against description if additional armor types are available.,NSFW
325,328,TRUE,TRUE,INCLUDE,Sweater Virgin Detroyer,Shino - Sweater Virgin Detroyer - CBBE 3BA - body slider -,shinoboru,https://www.nexusmods.com/skyrimspecialedition/users/3706095,https://www.nexusmods.com/skyrimspecialedition/mods/84523,Modern,Lingerie,TRUE,FALSE,FALSE,Female,Civilian,FALSE,FALSE,Cloth / Linen,"{""SMP"":"""",""3BA"":""PREBUILT"",""HIMBO"":""N/A"",""OSL / B.O.O.B.I.E.S"":"""",""Other arousal"":"""",""VSU"":"""",""Heels"":""""}",https://staticdelivery.nexusmods.com/mods/1704/images/84523/84523-1676028624-2018408858.png,https://staticdelivery.nexusmods.com/mods/1704/images/84523/84523-1676028624-2018408858.png,Existing category tag; verify against description if additional armor types are available.,NSFW
11,11,TRUE,TRUE,INCLUDE,T.A.W.O.S.A. - Barkeeper Outfit,T.A.W.O.S.A. - Barkeeper Outfit - 3BA,AncientFlamingBeast,https://www.nexusmods.com/skyrimspecialedition/users/131939938,https://www.nexusmods.com/skyrimspecialedition/mods/158333,Grounded,Cloth,TRUE,FALSE,FALSE,Female,Civilian,FALSE,FALSE,Unassigned,"{""SMP"":"""",""3BA"":"""",""HIMBO"":"""",""OSL / B.O.O.B.I.E.S"":"""",""Other arousal"":"""",""VSU"":"""",""Heels"":""""}",https://staticdelivery.nexusmods.com/mods/1704/images/158333/158333-1784771341-129233233.png,https://images.nexusmods.com/mod-images/1704/t/large/15/158333/158333-1784771341-129233233.png,Existing category tag; verify against description if additional armor types are available.,NSFW
168,170,TRUE,TRUE,INCLUDE,Tavern Maid,Ellxe Tavern Maid,Ellxe,https://www.nexusmods.com/skyrimspecialedition/users/31116590,https://www.nexusmods.com/skyrimspecialedition/mods/108334,Grounded,Cloth,TRUE,FALSE,FALSE,Female,Civilian,TRUE,TRUE,Cloth / Linen,"{""SMP"":"""",""3BA"":"""",""HIMBO"":"""",""OSL / B.O.O.B.I.E.S"":"""",""Other arousal"":"""",""VSU"":"""",""Heels"":""""}",https://staticdelivery.nexusmods.com/mods/1704/images/108334/108334-1765618907-1995268539.jpg,https://images.nexusmods.com/mod-images/1704/t/large/10/108334/108334-1765618907-1995268539.jpg,Existing category tag; verify against description if additional armor types are available.,NSFW
70,71,TRUE,TRUE,INCLUDE,Temio Cloth,Temio Cloth,DarkDukla,https://www.nexusmods.com/skyrimspecialedition/users/18292594,https://www.nexusmods.com/skyrimspecialedition/mods/125970,Modern,Cloth,TRUE,FALSE,FALSE,Female,Volkihar Vampire Clan; Occult,TRUE,TRUE,Cloth / Linen,"{""SMP"":"""",""3BA"":""PREBUILT"",""HIMBO"":""N/A"",""OSL / B.O.O.B.I.E.S"":"""",""Other arousal"":"""",""VSU"":"""",""Heels"":""""}",https://staticdelivery.nexusmods.com/mods/1704/images/125970/125970-1722756229-1548862322.png,https://images.nexusmods.com/mod-images/1704/t/large/12/125970/125970-1722756229-1548862322.png,Existing category tag; verify against description if additional armor types are available.,NSFW
183,185,TRUE,TRUE,INCLUDE,Templar Assassin Armor,Templar Assassin Armor 3BA-BHUNP-CBBE-UNP,FafnyB,https://www.nexusmods.com/skyrimspecialedition/users/5275607,https://www.nexusmods.com/skyrimspecialedition/mods/135547,Grounded,Light,FALSE,TRUE,FALSE,Female,Dark Brotherhood; Assassin; Divine,TRUE,TRUE,L5 - Leather,"{""SMP"":""https://www.nexusmods.com/skyrimspecialedition/mods/135910"",""3BA"":""https://www.nexusmods.com/Core/Libs/Common/Widgets/DownloadPopUp?id=569342&game_id=1704"",""HIMBO"":""N/A"",""OSL / B.O.O.B.I.E.S"":"""",""Other arousal"":"""",""VSU"":"""",""Heels"":""""}",https://i.imgur.com/WVQrg0E.png,https://i.imgur.com/WVQrg0E.png,Existing category tag; verify against description if additional armor types are available.,Standard
318,321,TRUE,TRUE,INCLUDE,TERA Leather Archer Set,TERA Leather Archer Set BHUNP - 3BA,RandallSteele,https://www.nexusmods.com/skyrimspecialedition/users/68458890,https://www.nexusmods.com/skyrimspecialedition/mods/143500,Grounded,Light,FALSE,TRUE,FALSE,Female,Military; Pirate; Civilian; Maritime,FALSE,FALSE,L3 - Studded,"{""SMP"":"""",""3BA"":""PREBUILT"",""HIMBO"":""N/A"",""OSL / B.O.O.B.I.E.S"":"""",""Other arousal"":"""",""VSU"":"""",""Heels"":""""}",https://staticdelivery.nexusmods.com/mods/1704/images/143500/143500-1741198058-1905645097.png,https://images.nexusmods.com/mod-images/1704/t/large/14/143500/143500-1741198058-1905645097.png,Existing category tag; verify against description if additional armor types are available.,NSFW
294,297,TRUE,TRUE,INCLUDE,Thalmor Ceykynd Armors,Thalmor Ceykynd Armors,PrincessAries,https://www.nexusmods.com/skyrimspecialedition/users/71940798,https://www.nexusmods.com/skyrimspecialedition/mods/136041,Grounded,Heavy,FALSE,TRUE,FALSE,Male; Female,Thalmor,FALSE,FALSE,L7 - Elven,"{""SMP"":"""",""3BA"":""https://www.nexusmods.com/skyrimspecialedition/mods/140647"",""HIMBO"":""https://www.nexusmods.com/skyrimspecialedition/mods/140823"",""OSL / B.O.O.B.I.E.S"":"""",""Other arousal"":"""",""VSU"":"""",""Heels"":""""}",https://staticdelivery.nexusmods.com/mods/1704/images/136041/136041-1733802748-1254222791.png,https://staticdelivery.nexusmods.com/mods/1704/images/136041/136041-1733802748-1254222791.png,Existing category tag; verify against description if additional armor types are available.,Standard
316,319,TRUE,TRUE,INCLUDE,The Alchemist's Vestments,The Alchemist's Vestments,QuillweaveMods,https://www.nexusmods.com/skyrimspecialedition/users/92566818,https://www.nexusmods.com/skyrimspecialedition/mods/37589,Grounded,Cloth,TRUE,FALSE,FALSE,Male; Female,Arcane; Civilian,FALSE,FALSE,Unassigned,"{""SMP"":"""",""3BA"":"""",""HIMBO"":"""",""OSL / B.O.O.B.I.E.S"":"""",""Other arousal"":"""",""VSU"":"""",""Heels"":""""}",https://staticdelivery.nexusmods.com/mods/1704/images/37589/37589-1592911827-1363345221.png,https://images.nexusmods.com/mod-images/1704/t/large/37/37589/37589-1592911827-1363345221.png,Existing category tag; verify against description if additional armor types are available.,Standard
177,179,TRUE,TRUE,INCLUDE,The Hinterland Ranger,The Hinterland Ranger - HDT-SMP,Everglaid,https://www.nexusmods.com/skyrimspecialedition/users/2747421,https://www.nexusmods.com/skyrimspecialedition/mods/99201,Grounded,Cloth; Light,FALSE,TRUE,FALSE,Male; Female,Nature,TRUE,TRUE,L5 - Leather,"{""SMP"":"""",""3BA"":""https://www.nexusmods.com/skyrimspecialedition/mods/99602"",""HIMBO"":""https://www.nexusmods.com/skyrimspecialedition/mods/99602"",""OSL / B.O.O.B.I.E.S"":"""",""Other arousal"":"""",""VSU"":"""",""Heels"":""""}",https://staticdelivery.nexusmods.com/mods/1704/images/99201/99201-1703531649-1583999643.jpeg,https://staticdelivery.nexusmods.com/mods/1704/images/99201/99201-1703531649-1583999643.jpeg,Existing category tag; verify against description if additional armor types are available.,Standard
178,180,TRUE,TRUE,INCLUDE,The Southbound Scouts,The Southbound Scouts - HDT-SMP,Everglaid,https://www.nexusmods.com/skyrimspecialedition/users/2747421,https://www.nexusmods.com/skyrimspecialedition/mods/122550,Grounded,Cloth; Light,TRUE,FALSE,FALSE,Male; Female,Nature; Civilian; Maritime; Pirate,TRUE,TRUE,Cloth / Linen,"{""SMP"":"""",""3BA"":""PREBUILT"",""HIMBO"":""PREBUILT"",""OSL / B.O.O.B.I.E.S"":"""",""Other arousal"":"""",""VSU"":"""",""Heels"":""""}",https://staticdelivery.nexusmods.com/mods/1704/images/122550/122550-1721007905-297811198.jpeg,https://images.nexusmods.com/mod-images/1704/t/large/12/122550/122550-1721007905-297811198.jpeg,Existing category tag; verify against description if additional armor types are available.,Standard
37,37,TRUE,TRUE,INCLUDE,Thorn Princess,Thorn Princess - hdt SMP (CBBE 3BA),Caenarvon,https://www.nexusmods.com/skyrimspecialedition/users/88049288,https://www.nexusmods.com/skyrimspecialedition/mods/67794,Fantastical,Light,FALSE,TRUE,FALSE,Female,Dark Brotherhood; Occult,FALSE,FALSE,L7 - Elven,"{""SMP"":"""",""3BA"":""PREBUILT"",""HIMBO"":""N/A"",""OSL / B.O.O.B.I.E.S"":""https://www.nexusmods.com/skyrimspecialedition/mods/106672"",""Other arousal"":"""",""VSU"":""https://www.nexusmods.com/skyrimspecialedition/mods/119821"",""Heels"":""https://www.nexusmods.com/skyrimspecialedition/mods/144402""}",https://staticdelivery.nexusmods.com/mods/1704/images/67794/67794-1652130773-2115487534.jpeg,https://images.nexusmods.com/mod-images/1704/t/large/67/67794/67794-1652130773-2115487534.jpeg,Existing category tag; verify against description if additional armor types are available.,NSFW
315,318,TRUE,TRUE,INCLUDE,Toughened Traveler Outfit,Toughened Traveler Outfit,QuarantineCouture,https://www.nexusmods.com/skyrimspecialedition/users/94213673,https://www.nexusmods.com/skyrimspecialedition/mods/54471,Grounded,Light,TRUE,FALSE,FALSE,Male; Female,Civilian,FALSE,FALSE,Unassigned,"{""SMP"":"""",""3BA"":"""",""HIMBO"":"""",""OSL / B.O.O.B.I.E.S"":"""",""Other arousal"":"""",""VSU"":"""",""Heels"":""""}",https://staticdelivery.nexusmods.com/mods/1704/images/54471/54471-1629848241-384071375.jpeg,https://images.nexusmods.com/mod-images/1704/t/large/54/54471/54471-1629848241-384071375.jpeg,Existing category tag; verify against description if additional armor types are available.,Standard
317,320,TRUE,TRUE,INCLUDE,Traveler's Armor Pack,Traveler's Armor Pack,QwibQwibMods,https://www.nexusmods.com/skyrimspecialedition/users/57153782,https://www.nexusmods.com/skyrimspecialedition/mods/93138,Grounded,Light,FALSE,TRUE,FALSE,Male; Female,Military; Civilian,TRUE,TRUE,Unassigned,"{""SMP"":"""",""3BA"":"""",""HIMBO"":"""",""OSL / B.O.O.B.I.E.S"":"""",""Other arousal"":"""",""VSU"":"""",""Heels"":""""}",https://staticdelivery.nexusmods.com/mods/1704/images/93138/93138-1686315221-507844792.png,https://images.nexusmods.com/mod-images/1704/t/large/93/93138/93138-1686315221-507844792.png,Existing category tag; verify against description if additional armor types are available.,Standard
196,198,TRUE,TRUE,INCLUDE,Traveling Mage,Traveling Mage HDT-SMP CBBE 3BA AND HIMBO version,Fuse00,https://www.nexusmods.com/skyrimspecialedition/users/6052912,https://www.nexusmods.com/skyrimspecialedition/mods/69394,Grounded,Light,TRUE,FALSE,FALSE,Male; Female,Arcane,TRUE,TRUE,Cloth / Linen,"{""SMP"":"""",""3BA"":""https://www.nexusmods.com/skyrimspecialedition/mods/69407?tab=description"",""HIMBO"":""https://www.nexusmods.com/skyrimspecialedition/mods/69407?tab=description"",""OSL / B.O.O.B.I.E.S"":"""",""Other arousal"":"""",""VSU"":"""",""Heels"":""""}",https://staticdelivery.nexusmods.com/mods/1704/images/69394/69394-1654793180-1954166784.jpeg,https://images.nexusmods.com/mod-images/1704/t/large/69/69394/69394-1654793180-1954166784.jpeg,Existing category tag; verify against description if additional armor types are available.,Standard
201,203,TRUE,TRUE,INCLUDE,Travelling Priest Robes,Travelling Priest Robes - Vanilla HIMBO CBBE -,ghouls0rules,https://www.nexusmods.com/skyrimspecialedition/users/1537468,https://www.nexusmods.com/skyrimspecialedition/mods/118327,Grounded,Cloth,TRUE,FALSE,FALSE,Male; Female,Civilian; Divine,TRUE,TRUE,Cloth / Linen,"{""SMP"":"""",""3BA"":""PREBUILT"",""HIMBO"":""PREBUILT"",""OSL / B.O.O.B.I.E.S"":"""",""Other arousal"":"""",""VSU"":"""",""Heels"":""""}",https://staticdelivery.nexusmods.com/mods/1704/images/118327/118327-1714581300-683565195.png,https://staticdelivery.nexusmods.com/mods/1704/images/118327/118327-1714581300-683565195.png,Existing category tag; verify against description if additional armor types are available.,Standard
60,61,TRUE,TRUE,INCLUDE,Tribal Clothes,Tribal Clothes,contentcat,https://www.nexusmods.com/skyrimspecialedition/users/69093453,https://www.nexusmods.com/skyrimspecialedition/mods/120203,Fantastical,Lingerie,TRUE,FALSE,FALSE,Female,Civilian; Nature,FALSE,FALSE,Cloth / Linen,"{""SMP"":"""",""3BA"":""PREBUILT"",""HIMBO"":""N/A"",""OSL / B.O.O.B.I.E.S"":""https://www.nexusmods.com/skyrimspecialedition/mods/106672"",""Other arousal"":"""",""VSU"":"""",""Heels"":""""}",https://staticdelivery.nexusmods.com/mods/1704/images/120203/120203-1744998138-2069672006.png,https://images.nexusmods.com/mod-images/1704/t/large/12/120203/120203-1744998138-2069672006.png,Existing category tag; verify against description if additional armor types are available.,NSFW
327,330,TRUE,TRUE,INCLUDE,Tribal Huntress,Shino - Tribal Huntress - CBBE 3BA - body slider -,shinoboru,https://www.nexusmods.com/skyrimspecialedition/users/3706095,https://www.nexusmods.com/skyrimspecialedition/mods/135684,Grounded,Light,FALSE,TRUE,FALSE,Female,Nature,TRUE,FALSE,L1 - Hide,"{""SMP"":"""",""3BA"":""PREBUILT"",""HIMBO"":""N/A"",""OSL / B.O.O.B.I.E.S"":"""",""Other arousal"":"""",""VSU"":"""",""Heels"":""""}",https://i.ibb.co/Mk4v4gg/Shino-portada-magazine.png,https://i.ibb.co/Mk4v4gg/Shino-portada-magazine.png,Existing category tag; verify against description if additional armor types are available.,NSFW
169,171,TRUE,TRUE,INCLUDE,Tribal Scout,Tribal Scout 3BA - 2K,Ellxe,https://www.nexusmods.com/skyrimspecialedition/users/31116590,https://www.nexusmods.com/skyrimspecialedition/mods/95333,Grounded,Light,FALSE,TRUE,FALSE,Female,Nature,TRUE,FALSE,L1 - Hide,"{""SMP"":"""",""3BA"":"""",""HIMBO"":"""",""OSL / B.O.O.B.I.E.S"":"""",""Other arousal"":"""",""VSU"":"""",""Heels"":""""}",https://staticdelivery.nexusmods.com/mods/1704/images/95333/95333-1765081352-2104787138.png,https://images.nexusmods.com/mod-images/1704/t/large/95/95333/95333-1765081352-2104787138.png,Existing category tag; verify against description if additional armor types are available.,NSFW
282,285,TRUE,TRUE,INCLUDE,Twilight Bikini,Obi's Twilight Bikini 4K 3BA UBE BHUNP,Obicnii,https://www.nexusmods.com/skyrimspecialedition/users/59154696,https://www.nexusmods.com/skyrimspecialedition/mods/166376,Fantastical,Light,FALSE,FALSE,FALSE,Female,Civilian,FALSE,FALSE,Unassigned,"{""SMP"":"""",""3BA"":"""",""HIMBO"":"""",""OSL / B.O.O.B.I.E.S"":"""",""Other arousal"":"""",""VSU"":"""",""Heels"":""""}",https://staticdelivery.nexusmods.com/mods/1704/images/166376/166376-1765607259-109189794.png,https://images.nexusmods.com/mod-images/1704/t/large/16/166376/166376-1765607259-109189794.png,"Description audit required: no Clothing, Light, or Heavy tag currently present.",NSFW
339,342,TRUE,TRUE,INCLUDE,Twilight Princess Armor Mashup,Twilight Princess Armor Mashup,W00DENKNIGHT,https://www.nexusmods.com/skyrimspecialedition/users/6533008,https://www.nexusmods.com/skyrimspecialedition/mods/71182,Grounded,Light,FALSE,TRUE,FALSE,Female,Royal; Military,FALSE,TRUE,Unassigned,"{""SMP"":"""",""3BA"":"""",""HIMBO"":"""",""OSL / B.O.O.B.I.E.S"":"""",""Other arousal"":"""",""VSU"":"""",""Heels"":""""}",https://staticdelivery.nexusmods.com/mods/1704/images/71182/71182-1735745087-271768775.png,https://staticdelivery.nexusmods.com/mods/1704/images/71182/71182-1735745087-271768775.png,Existing category tag; verify against description if additional armor types are available.,Standard
98,100,TRUE,TRUE,INCLUDE,Ult Lingerie Collection 2.0,Nezzar's Ult Lingerie Collection 2.0 - CBBE-TBD-BHUNP SE,Daymarr,https://www.nexusmods.com/skyrimspecialedition/users/8194845,https://www.nexusmods.com/skyrimspecialedition/mods/45107,Modern,Lingerie,FALSE,FALSE,FALSE,Female,Lingerie,FALSE,FALSE,Unassigned,"{""SMP"":"""",""3BA"":"""",""HIMBO"":"""",""OSL / B.O.O.B.I.E.S"":"""",""Other arousal"":"""",""VSU"":"""",""Heels"":""""}",https://staticdelivery.nexusmods.com/mods/1704/images/45107/45107-1612151493-1746785291.jpeg,https://images.nexusmods.com/mod-images/1704/t/large/45/45107/45107-1612151493-1746785291.jpeg,"Description audit required: no Clothing, Light, or Heavy tag currently present.",NSFW
344,347,TRUE,TRUE,INCLUDE,Ultimate fancy chain cuirass 3BA and CBBE,[newmiller] Ultimate Fancy Chain Cuirass,newmiller,,https://www.nexusmods.com/skyrimspecialedition/mods/171111,Fantastical,Lingerie,TRUE,FALSE,FALSE,Female,Military; Civilian,TRUE,TRUE,Unassigned,"{""SMP"":"""",""3BA"":"""",""HIMBO"":"""",""OSL / B.O.O.B.I.E.S"":"""",""Other arousal"":"""",""VSU"":"""",""Heels"":""""}",https://staticdelivery.nexusmods.com/mods/1704/images/171111/171111-1770122075-1617441997.jpg,/images/recent/ultimate-fancy-chain.jpg,Existing category tag; verify against description if additional armor types are available.,NSFW
340,343,TRUE,TRUE,INCLUDE,Valenwood Ranger Armor Mashup,Valenwood Ranger Armor Mashup,W00DENKNIGHT,https://www.nexusmods.com/skyrimspecialedition/users/6533008,https://www.nexusmods.com/skyrimspecialedition/mods/126887,Grounded,Light,FALSE,TRUE,FALSE,Female,Bosmer; Nature,TRUE,FALSE,L2 - Fur,"{""SMP"":"""",""3BA"":""PREBUILT"",""HIMBO"":""N/A"",""OSL / B.O.O.B.I.E.S"":"""",""Other arousal"":"""",""VSU"":"""",""Heels"":""""}",https://staticdelivery.nexusmods.com/mods/1704/images/126887/126887-1724245661-1324643197.png,https://staticdelivery.nexusmods.com/mods/1704/images/126887/126887-1724245661-1324643197.png,Existing category tag; verify against description if additional armor types are available.,Standard
216,218,TRUE,TRUE,INCLUDE,Vampire Armor Expansion,Vampire Armor Expansion,Hornclonic,https://www.nexusmods.com/skyrimspecialedition/users/86825423,https://www.nexusmods.com/skyrimspecialedition/mods/98671,Grounded,Light,FALSE,TRUE,FALSE,Male; Female,Military; Volkihar Vampire Clan; Occult,FALSE,FALSE,Unassigned,"{""SMP"":"""",""3BA"":"""",""HIMBO"":"""",""OSL / B.O.O.B.I.E.S"":"""",""Other arousal"":"""",""VSU"":"""",""Heels"":""""}",https://staticdelivery.nexusmods.com/mods/1704/images/98671/98671-1692458962-1792373580.png,https://staticdelivery.nexusmods.com/mods/1704/images/98671/98671-1692458962-1792373580.png,Existing category tag; verify against description if additional armor types are available.,Standard
283,286,TRUE,TRUE,INCLUDE,Vampire Clothing,Obi's Vampire Clothing CBBE 3BA 2K,Obicnii,https://www.nexusmods.com/skyrimspecialedition/users/59154696,https://www.nexusmods.com/skyrimspecialedition/mods/88377,Grounded,Light,TRUE,FALSE,FALSE,Female,Daedra; Volkihar Vampire Clan,FALSE,FALSE,Cloth / Linen,"{""SMP"":"""",""3BA"":""https://www.nexusmods.com/Core/Libs/Common/Widgets/DownloadPopUp?id=374750&game_id=1704"",""HIMBO"":""N/A"",""OSL / B.O.O.B.I.E.S"":"""",""Other arousal"":"""",""VSU"":"""",""Heels"":""""}",https://staticdelivery.nexusmods.com/mods/1704/images/88377/88377-1699674335-1646731561.png,https://staticdelivery.nexusmods.com/mods/1704/images/88377/88377-1699674335-1646731561.png,Existing category tag; verify against description if additional armor types are available.,NSFW
215,217,TRUE,TRUE,INCLUDE,Vampire Clothing Expansion,Vampire Clothing Expansion,Hornclonic,https://www.nexusmods.com/skyrimspecialedition/users/86825423,https://www.nexusmods.com/skyrimspecialedition/mods/97185,Grounded,Cloth,TRUE,FALSE,FALSE,Male; Female,Civilian; Volkihar Vampire Clan; Occult,FALSE,FALSE,Unassigned,"{""SMP"":"""",""3BA"":"""",""HIMBO"":"""",""OSL / B.O.O.B.I.E.S"":"""",""Other arousal"":"""",""VSU"":"""",""Heels"":""""}",https://staticdelivery.nexusmods.com/mods/1704/images/97185/97185-1690735361-844180540.png,https://staticdelivery.nexusmods.com/mods/1704/images/97185/97185-1690735361-844180540.png,Existing category tag; verify against description if additional armor types are available.,Standard
100,102,TRUE,TRUE,INCLUDE,Vampire Robes Better Cleavage 3BA,Vampire Robes Better Cleavage 3BA,dekonsfw,https://www.nexusmods.com/skyrimspecialedition/users/101847353,https://www.nexusmods.com/skyrimspecialedition/mods/103553,Grounded,Cloth,TRUE,FALSE,FALSE,Female,Civilian; Volkihar Vampire Clan; Occult,FALSE,FALSE,Unassigned,"{""SMP"":"""",""3BA"":"""",""HIMBO"":"""",""OSL / B.O.O.B.I.E.S"":"""",""Other arousal"":"""",""VSU"":"""",""Heels"":""""}",https://staticdelivery.nexusmods.com/mods/1704/images/103553/103553-1698526623-496845385.jpeg,https://staticdelivery.nexusmods.com/mods/1704/images/103553/103553-1698526623-496845385.jpeg,Existing category tag; verify against description if additional armor types are available.,NSFW
174,176,TRUE,TRUE,INCLUDE,Vampire Temptress Armor,Vampire Temptress Armor,Enovilum,https://www.nexusmods.com/skyrimspecialedition/users/136340863,https://www.nexusmods.com/skyrimspecialedition/mods/138179,Fantastical,Heavy,TRUE,FALSE,FALSE,Female,Military; Volkihar Vampire Clan; Occult,TRUE,FALSE,Cloth / Linen,"{""SMP"":"""",""3BA"":""PREBUILT"",""HIMBO"":""N/A"",""OSL / B.O.O.B.I.E.S"":"""",""Other arousal"":"""",""VSU"":"""",""Heels"":""""}",https://staticdelivery.nexusmods.com/mods/1704/images/138179/138179-1736275507-341290872.jpeg,https://staticdelivery.nexusmods.com/mods/1704/images/138179/138179-1736275507-341290872.jpeg,Existing category tag; verify against description if additional armor types are available.,NSFW
71,72,TRUE,TRUE,INCLUDE,Vergi Fashion,Vergi Fashion,DarkDukla,https://www.nexusmods.com/skyrimspecialedition/users/18292594,https://www.nexusmods.com/skyrimspecialedition/mods/139188,Grounded,Cloth,TRUE,FALSE,FALSE,Female,Civilian,FALSE,FALSE,Cloth / Linen,"{""SMP"":"""",""3BA"":""PREBUILT"",""HIMBO"":""N/A"",""OSL / B.O.O.B.I.E.S"":"""",""Other arousal"":"""",""VSU"":"""",""Heels"":""""}",https://staticdelivery.nexusmods.com/mods/1704/images/139188/139188-1736970928-1720943364.jpeg,https://images.nexusmods.com/mod-images/1704/t/large/13/139188/139188-1736970928-1720943364.jpeg,Existing category tag; verify against description if additional armor types are available.,Standard
319,322,TRUE,TRUE,INCLUDE,Viking Armor Collection,Viking Armor Collection,RedguardDiaspora,https://www.nexusmods.com/skyrimspecialedition/users/254553952,https://www.nexusmods.com/skyrimspecialedition/mods/152651,Grounded,Light,FALSE,TRUE,FALSE,Male,Nord; Military,FALSE,FALSE,L3 - Studded,"{""SMP"":"""",""3BA"":""N/A"",""HIMBO"":""https://www.nexusmods.com/Core/Libs/Common/Widgets/DownloadPopUp?id=637721&game_id=1704"",""OSL / B.O.O.B.I.E.S"":"""",""Other arousal"":"""",""VSU"":"""",""Heels"":""""}",https://staticdelivery.nexusmods.com/mods/1704/images/152651/152651-1749904125-1458630958.png,https://images.nexusmods.com/mod-images/1704/t/large/15/152651/152651-1749904125-1458630958.png,Existing category tag; verify against description if additional armor types are available.,Standard
25,25,TRUE,TRUE,INCLUDE,Vindicator Armor,Vindicator Armor,AokiliMods,https://www.nexusmods.com/skyrimspecialedition/users/4747368,https://www.nexusmods.com/skyrimspecialedition/mods/124613,Fantastical,Light; Heavy,FALSE,FALSE,TRUE,Female,Military; Divine,TRUE,FALSE,H5 - Steel Plate,"{""SMP"":"""",""3BA"":""PREBUILT"",""HIMBO"":""PREBUILT"",""OSL / B.O.O.B.I.E.S"":""https://www.nexusmods.com/skyrimspecialedition/mods/106672"",""Other arousal"":"""",""VSU"":"""",""Heels"":""""}",https://i.imgur.com/170j2Yx.png,https://i.imgur.com/170j2Yx.png,Existing category tag; verify against description if additional armor types are available.,NSFW
184,186,TRUE,TRUE,INCLUDE,Viper Armor,Viper Armor,FafnyB,https://www.nexusmods.com/skyrimspecialedition/users/5275607,https://www.nexusmods.com/skyrimspecialedition/mods/152490,Grounded,Light,FALSE,TRUE,FALSE,Female,Dark Brotherhood; Assassin,TRUE,FALSE,L5 - Leather,"{""SMP"":"""",""3BA"":""PREBUILT"",""HIMBO"":""N/A"",""OSL / B.O.O.B.I.E.S"":"""",""Other arousal"":"""",""VSU"":"""",""Heels"":""""}",https://staticdelivery.nexusmods.com/mods/1704/images/152490/152490-1749742516-2106229687.png,https://images.nexusmods.com/mod-images/1704/t/large/15/152490/152490-1749742516-2106229687.png,Existing category tag; verify against description if additional armor types are available.,Standard
240,242,TRUE,TRUE,INCLUDE,Viridian Knight Armor,Viridian Knight Armor (CBBE - 3BA - UUNP - BHUNP - HIMBO - Vanilla - hdt-SMP),Kreiste,https://www.nexusmods.com/skyrimspecialedition/users/5321695,https://www.nexusmods.com/skyrimspecialedition/mods/71568,Grounded,Heavy,FALSE,FALSE,TRUE,Male; Female,Military; Nature,TRUE,FALSE,H4 - Dwarven,"{""SMP"":"""",""3BA"":""PREBUILT"",""HIMBO"":""PREBUILT"",""OSL / B.O.O.B.I.E.S"":"""",""Other arousal"":"""",""VSU"":"""",""Heels"":""""}",https://staticdelivery.nexusmods.com/mods/1704/images/71568/71568-1678500744-1269837677.jpeg,https://staticdelivery.nexusmods.com/mods/1704/images/71568/71568-1678500744-1269837677.jpeg,Existing category tag; verify against description if additional armor types are available.,Standard
330,333,TRUE,TRUE,INCLUDE,Wandering Summoner Outfit,Wandering Summoner outfit (3BA SMP),SmolSaltLemon,https://www.nexusmods.com/skyrimspecialedition/users/202025696,https://www.nexusmods.com/skyrimspecialedition/mods/112641,Grounded,Cloth,TRUE,FALSE,FALSE,Female,College of Winterhold; Arcane,TRUE,FALSE,Cloth / Linen,"{""SMP"":"""",""3BA"":""PREBUILT"",""HIMBO"":""N/A"",""OSL / B.O.O.B.I.E.S"":"""",""Other arousal"":"""",""VSU"":"""",""Heels"":""""}",https://staticdelivery.nexusmods.com/mods/1704/images/112641/112641-1708970470-1441350769.png,https://staticdelivery.nexusmods.com/mods/1704/images/112641/112641-1708970470-1441350769.png,Existing category tag; verify against description if additional armor types are available.,Standard
248,250,TRUE,TRUE,INCLUDE,Wardancer Armor set,Wardancer Armor set - 3BA - HDT SMP,Mykolaev,https://www.nexusmods.com/skyrimspecialedition/users/84474133,https://www.nexusmods.com/skyrimspecialedition/mods/128851,Grounded,Light,TRUE,FALSE,FALSE,Female,Bosmer; Nature,TRUE,FALSE,Cloth / Linen,"{""SMP"":"""",""3BA"":""PREBUILT"",""HIMBO"":""N/A"",""OSL / B.O.O.B.I.E.S"":"""",""Other arousal"":"""",""VSU"":"""",""Heels"":""""}",https://staticdelivery.nexusmods.com/mods/1704/images/128851/128851-1725960723-689213079.png,https://staticdelivery.nexusmods.com/mods/1704/images/128851/128851-1725960723-689213079.png,Existing category tag; verify against description if additional armor types are available.,Standard
170,172,TRUE,TRUE,INCLUDE,Warrior,Warrior - 3BA,Ellxe,https://www.nexusmods.com/skyrimspecialedition/users/31116590,https://www.nexusmods.com/skyrimspecialedition/mods/129907,Grounded,Light,FALSE,FALSE,TRUE,Female,Military,TRUE,TRUE,H1 - Iron,"{""SMP"":"""",""3BA"":"""",""HIMBO"":"""",""OSL / B.O.O.B.I.E.S"":"""",""Other arousal"":"""",""VSU"":"""",""Heels"":""""}",https://staticdelivery.nexusmods.com/mods/1704/images/129907/129907-1727340670-1778508259.jpeg,https://staticdelivery.nexusmods.com/mods/1704/images/129907/129907-1727340670-1778508259.jpeg,Existing category tag; verify against description if additional armor types are available.,NSFW
311,314,TRUE,TRUE,INCLUDE,Wayrest Sellsword Set,Wayrest Sellsword Set,Pulcharmsolis,https://www.nexusmods.com/skyrimspecialedition/users/122433248,https://www.nexusmods.com/skyrimspecialedition/mods/103601,Grounded,Heavy,FALSE,FALSE,TRUE,Male; Female,Breton,FALSE,FALSE,H2 - Bone Mold,"{""SMP"":"""",""3BA"":""https://www.nexusmods.com/skyrimspecialedition/mods/122483"",""HIMBO"":""https://www.nexusmods.com/skyrimspecialedition/mods/125294"",""OSL / B.O.O.B.I.E.S"":"""",""Other arousal"":"""",""VSU"":"""",""Heels"":""""}",https://staticdelivery.nexusmods.com/mods/1704/images/103601/103601-1699141127-1399753053.jpeg,https://staticdelivery.nexusmods.com/mods/1704/images/103601/103601-1699141127-1399753053.jpeg,Existing category tag; verify against description if additional armor types are available.,Standard
8,8,TRUE,TRUE,INCLUDE,Wayward Knight Set,Wayward Knight Set,ahzidaljun,https://www.nexusmods.com/skyrimspecialedition/users/19496809,https://www.nexusmods.com/skyrimspecialedition/mods/112793,Grounded,Heavy,FALSE,FALSE,TRUE,Female,Divine; Royal; Military,TRUE,TRUE,H5 - Steel Plate,"{""SMP"":"""",""3BA"":""PREBUILT"",""HIMBO"":""N/A"",""OSL / B.O.O.B.I.E.S"":""https://www.nexusmods.com/skyrimspecialedition/mods/106672"",""Other arousal"":"""",""VSU"":""https://www.nexusmods.com/skyrimspecialedition/mods/119821"",""Heels"":""""}",https://staticdelivery.nexusmods.com/mods/1704/images/112793/112793-1714274648-2122031581.png,https://staticdelivery.nexusmods.com/mods/1704/images/112793/112793-1714274648-2122031581.png,Existing category tag; verify against description if additional armor types are available.,NSFW
245,247,TRUE,TRUE,INCLUDE,Wayward Ranger Armor,Wayward Ranger Armor,megaman2k,https://www.nexusmods.com/skyrimspecialedition/users/136969333,https://www.nexusmods.com/skyrimspecialedition/mods/124246,Grounded,Light; Heavy,FALSE,TRUE,TRUE,Female,Military; Nature,TRUE,TRUE,L5 - Leather,"{""SMP"":"""",""3BA"":""https://www.nexusmods.com/Core/Libs/Common/Widgets/DownloadPopUp?id=529182&game_id=1704"",""HIMBO"":""N/A"",""OSL / B.O.O.B.I.E.S"":"""",""Other arousal"":"""",""VSU"":"""",""Heels"":""""}",https://staticdelivery.nexusmods.com/mods/1704/images/124246/124246-1722639825-1781919939.jpeg,https://images.nexusmods.com/mod-images/1704/t/large/12/124246/124246-1722582314-1678295790.png,Existing category tag; verify against description if additional armor types are available.,Standard
72,73,TRUE,TRUE,INCLUDE,WereHunter,WereHunter,DarkDukla,https://www.nexusmods.com/skyrimspecialedition/users/18292594,https://www.nexusmods.com/skyrimspecialedition/mods/126510,Grounded,Cloth,TRUE,FALSE,FALSE,Female,Beast; Nature,FALSE,FALSE,Cloth / Linen,"{""SMP"":"""",""3BA"":""PREBUILT"",""HIMBO"":""N/A"",""OSL / B.O.O.B.I.E.S"":"""",""Other arousal"":"""",""VSU"":"""",""Heels"":""""}",https://staticdelivery.nexusmods.com/mods/1704/images/126510/126510-1723363565-54341670.png,https://images.nexusmods.com/mod-images/1704/t/large/12/126510/126510-1723363565-54341670.png,Existing category tag; verify against description if additional armor types are available.,Standard
171,173,TRUE,TRUE,INCLUDE,Wicked Corruption,Ellxe Wicked Corruption,Ellxe,https://www.nexusmods.com/skyrimspecialedition/users/31116590,https://www.nexusmods.com/skyrimspecialedition/mods/108088,Fantastical,Light,FALSE,TRUE,FALSE,Female,Occult; Daedric,FALSE,TRUE,L7 - Elven,"{""SMP"":"""",""3BA"":"""",""HIMBO"":"""",""OSL / B.O.O.B.I.E.S"":"""",""Other arousal"":"""",""VSU"":"""",""Heels"":""""}",https://staticdelivery.nexusmods.com/mods/1704/images/108088/108088-1703958000-2143843697.png,https://staticdelivery.nexusmods.com/mods/1704/images/108088/108088-1703958000-2143843697.png,Existing category tag; verify against description if additional armor types are available.,NSFW
241,243,TRUE,TRUE,INCLUDE,Wild Witch Outfit,Wild Witch Outfit - CBBE 3BA UUNP BHUNP HIMBO Vanilla - HDT-SMP,Kreiste,https://www.nexusmods.com/skyrimspecialedition/users/5321695,https://www.nexusmods.com/skyrimspecialedition/mods/81085,Grounded,Cloth,TRUE,FALSE,FALSE,Male; Female,Arcane; College of Winterhold; Occult,FALSE,FALSE,Cloth / Linen,"{""SMP"":"""",""3BA"":""PREBUILT"",""HIMBO"":""PREBUILT"",""OSL / B.O.O.B.I.E.S"":"""",""Other arousal"":"""",""VSU"":"""",""Heels"":""""}",https://staticdelivery.nexusmods.com/mods/1704/images/81085/81085-1728268898-1093581323.png,https://staticdelivery.nexusmods.com/mods/1704/images/81085/81085-1728268898-1093581323.png,Existing category tag; verify against description if additional armor types are available.,Standard
314,317,TRUE,TRUE,INCLUDE,Wilderness Witch Outfit,Wilderness Witch Outfit,QuarantineCouture,https://www.nexusmods.com/skyrimspecialedition/users/94213673,https://www.nexusmods.com/skyrimspecialedition/mods/40963,Grounded,Cloth,TRUE,FALSE,FALSE,Female,Arcane; College of Winterhold; Occult,FALSE,FALSE,Cloth / Linen,"{""SMP"":"""",""3BA"":""https://www.nexusmods.com/Core/Libs/Common/Widgets/DownloadPopUp?id=163602&game_id=1704"",""HIMBO"":""N/A"",""OSL / B.O.O.B.I.E.S"":"""",""Other arousal"":"""",""VSU"":"""",""Heels"":""""}",https://staticdelivery.nexusmods.com/mods/1704/images/40963/40963-1601427226-1284167217.jpeg,https://images.nexusmods.com/mod-images/1704/t/large/40/40963/40963-1601427226-1284167217.jpeg,Existing category tag; verify against description if additional armor types are available.,Standard
4,4,TRUE,TRUE,INCLUDE,Wind Ruler Armor,Wind Ruler Armor SE,4thUnknown,https://www.nexusmods.com/skyrimspecialedition/users/49002333,https://www.nexusmods.com/skyrimspecialedition/mods/60842,Grounded,Heavy,FALSE,FALSE,TRUE,Male; Female,Military; Royal,FALSE,FALSE,Unassigned,"{""SMP"":"""",""3BA"":"""",""HIMBO"":"""",""OSL / B.O.O.B.I.E.S"":"""",""Other arousal"":"""",""VSU"":"""",""Heels"":""""}",https://staticdelivery.nexusmods.com/mods/1704/images/60842/110281-1640613198-2065390598.jpeg,https://images.nexusmods.com/mod-images/1704/t/large/60/60842/110281-1640613198-2065390598.jpeg,Existing category tag; verify against description if additional armor types are available.,Standard
332,335,TRUE,TRUE,INCLUDE,Wine Duchess,Wine Duchess (3BA SMP),SmolSaltLemon,https://www.nexusmods.com/skyrimspecialedition/users/202025696,https://www.nexusmods.com/skyrimspecialedition/mods/158632,Grounded,Cloth; Light,TRUE,FALSE,FALSE,Female,Royal; Civilian,TRUE,TRUE,Unassigned,"{""SMP"":"""",""3BA"":"""",""HIMBO"":"""",""OSL / B.O.O.B.I.E.S"":"""",""Other arousal"":"""",""VSU"":"""",""Heels"":""""}",https://staticdelivery.nexusmods.com/mods/1704/images/158632/158632-1757336654-1462638885.png,https://images.nexusmods.com/mod-images/1704/t/large/15/158632/158632-1757336635-1381263827.png,Existing category tag; verify against description if additional armor types are available.,NSFW
242,244,TRUE,TRUE,INCLUDE,Winged Hussar Armor and Weapons,Winged Hussar Armor and Weapons - CBBE 3BA UUNP BHUNP HIMBO Vanilla - HDT-SMP,Kreiste,https://www.nexusmods.com/skyrimspecialedition/users/5321695,https://www.nexusmods.com/skyrimspecialedition/mods/89496,Grounded,Heavy,FALSE,FALSE,TRUE,Male; Female,Military; Royal,FALSE,FALSE,H4 - Dwarven,"{""SMP"":""https://www.nexusmods.com/Core/Libs/Common/Widgets/DownloadPopUp?id=381546&game_id=1704"",""3BA"":""https://www.nexusmods.com/Core/Libs/Common/Widgets/DownloadPopUp?id=381545&game_id=1704"",""HIMBO"":""PREBUILT"",""OSL / B.O.O.B.I.E.S"":"""",""Other arousal"":"""",""VSU"":"""",""Heels"":""""}",https://staticdelivery.nexusmods.com/mods/1704/images/89496/89496-1683037369-138448753.jpeg,https://staticdelivery.nexusmods.com/mods/1704/images/89496/89496-1683037369-138448753.jpeg,Existing category tag; verify against description if additional armor types are available.,Standard
232,234,TRUE,TRUE,INCLUDE,Witch,J3 Witch 3BA,J0suk3,https://www.nexusmods.com/skyrimspecialedition/users/85241943,https://www.nexusmods.com/skyrimspecialedition/mods/105079,Fantastical,Lingerie,TRUE,FALSE,FALSE,Female,Occult; Arcane,FALSE,FALSE,Cloth / Linen,"{""SMP"":"""",""3BA"":""PREBUILT"",""HIMBO"":""N/A"",""OSL / B.O.O.B.I.E.S"":"""",""Other arousal"":"""",""VSU"":"""",""Heels"":""""}",https://staticdelivery.nexusmods.com/mods/1704/images/105079/105079-1700390190-1883536020.png,https://images.nexusmods.com/mod-images/1704/t/large/10/105079/105079-1700390158-1229029616.png,Existing category tag; verify against description if additional armor types are available.,NSFW
185,187,TRUE,TRUE,INCLUDE,Witch Slayer Armor,Witch Slayer Armor 3BA-BHUNP,FafnyB,https://www.nexusmods.com/skyrimspecialedition/users/5275607,https://www.nexusmods.com/skyrimspecialedition/mods/106921,Grounded,Light,FALSE,TRUE,FALSE,Female,Occult; Military,TRUE,FALSE,L8 - Scaled,"{""SMP"":"""",""3BA"":""https://www.nexusmods.com/Core/Libs/Common/Widgets/DownloadPopUp?id=452633&game_id=1704"",""HIMBO"":""N/A"",""OSL / B.O.O.B.I.E.S"":"""",""Other arousal"":"""",""VSU"":"""",""Heels"":""""}",https://staticdelivery.nexusmods.com/mods/1704/images/106921/106921-1702670012-221933483.png,https://staticdelivery.nexusmods.com/mods/1704/images/106921/106921-1702670012-221933483.png,Existing category tag; verify against description if additional armor types are available.,Standard
295,298,TRUE,TRUE,INCLUDE,Wolf Leather Armor,Wolf Leather Armor,PrincessAries,https://www.nexusmods.com/skyrimspecialedition/users/71940798,https://www.nexusmods.com/skyrimspecialedition/mods/136189,Grounded,Light,FALSE,TRUE,FALSE,Male; Female,Nature,FALSE,FALSE,L5 - Leather,"{""SMP"":"""",""3BA"":""https://www.nexusmods.com/skyrimspecialedition/mods/136273"",""HIMBO"":""https://www.nexusmods.com/skyrimspecialedition/mods/136273"",""OSL / B.O.O.B.I.E.S"":"""",""Other arousal"":"""",""VSU"":"""",""Heels"":""""}",https://staticdelivery.nexusmods.com/mods/1704/images/136189/136189-1733984112-1847630132.png,https://staticdelivery.nexusmods.com/mods/1704/images/136189/136189-1733984112-1847630132.png,Existing category tag; verify against description if additional armor types are available.,Standard
312,315,TRUE,TRUE,INCLUDE,Woodland Wizard Robes,Woodland Wizard Robes,Pulcharmsolis,https://www.nexusmods.com/skyrimspecialedition/users/122433248,https://www.nexusmods.com/skyrimspecialedition/mods/147529,Grounded,Cloth; Light,TRUE,TRUE,FALSE,Male; Female,Arcane; Nature; Civilian,FALSE,FALSE,Cloth / Linen,"{""SMP"":"""",""3BA"":""https://www.nexusmods.com/skyrimspecialedition/mods/148012"",""HIMBO"":""https://www.nexusmods.com/skyrimspecialedition/mods/148012"",""OSL / B.O.O.B.I.E.S"":"""",""Other arousal"":"""",""VSU"":"""",""Heels"":""""}",https://staticdelivery.nexusmods.com/mods/1704/images/147529/147529-1744756957-1840034524.jpeg,https://images.nexusmods.com/mod-images/1704/t/large/14/147529/147529-1744756957-1840034524.jpeg,Existing category tag; verify against description if additional armor types are available.,Standard
284,287,TRUE,TRUE,INCLUDE,Wyrm Slayer Armor,Obi's Wyrm Slayer Armor 2k 3ba,Obicnii,https://www.nexusmods.com/skyrimspecialedition/users/59154696,https://www.nexusmods.com/skyrimspecialedition/mods/103216,Grounded,Light; Heavy,FALSE,FALSE,TRUE,Female,Companions; Nord; Nature,FALSE,FALSE,H5 - Steel Plate,"{""SMP"":"""",""3BA"":""PREBUILT"",""HIMBO"":""N/A"",""OSL / B.O.O.B.I.E.S"":"""",""Other arousal"":"""",""VSU"":"""",""Heels"":""""}",https://staticdelivery.nexusmods.com/mods/1704/images/103216/103216-1698087038-394523730.png,https://staticdelivery.nexusmods.com/mods/1704/images/103216/103216-1698087038-394523730.png,Existing category tag; verify against description if additional armor types are available.,NSFW
172,174,TRUE,TRUE,INCLUDE,Xmas Special,Xmas Special 3BA,Ellxe,https://www.nexusmods.com/skyrimspecialedition/users/31116590,https://www.nexusmods.com/skyrimspecialedition/mods/107043,Modern,Lingerie,TRUE,FALSE,FALSE,Female,Civilian,FALSE,FALSE,Cloth / Linen,"{""SMP"":"""",""3BA"":"""",""HIMBO"":"""",""OSL / B.O.O.B.I.E.S"":"""",""Other arousal"":"""",""VSU"":"""",""Heels"":""""}",https://staticdelivery.nexusmods.com/mods/1704/images/107043/107043-1765623242-1314706875.jpg,https://images.nexusmods.com/mod-images/1704/t/large/10/107043/107043-1765623242-1314706875.jpg,Existing category tag; verify against description if additional armor types are available.,NSFW
42,42,TRUE,TRUE,INCLUDE,Yaldabaoth Armor,Yaldabaoth Armor,ChakraSSE,https://www.nexusmods.com/skyrimspecialedition/users/104680583,https://www.nexusmods.com/skyrimspecialedition/mods/104528,Grounded,Heavy,FALSE,FALSE,TRUE,Male; Female,Military; Daedra,FALSE,FALSE,H7 - Dragon Plate,"{""SMP"":"""",""3BA"":""https://www.nexusmods.com/skyrimspecialedition/mods/106548?tab=files&file_id=450094"",""HIMBO"":""https://www.nexusmods.com/skyrimspecialedition/mods/126192"",""OSL / B.O.O.B.I.E.S"":"""",""Other arousal"":"""",""VSU"":"""",""Heels"":""""}",https://staticdelivery.nexusmods.com/mods/1704/images/104528/104528-1699716172-5023160.png,https://images.nexusmods.com/mod-images/1704/t/large/10/104528/104528-1699716172-5023160.png,Existing category tag; verify against description if additional armor types are available.,Standard
61,62,TRUE,TRUE,INCLUDE,Yoga Clothes,Yoga Clothes,contentcat,https://www.nexusmods.com/skyrimspecialedition/users/69093453,https://www.nexusmods.com/skyrimspecialedition/mods/122169,Modern,Cloth,TRUE,FALSE,FALSE,Female,Civilian,TRUE,TRUE,Cloth / Linen,"{""SMP"":"""",""3BA"":""PREBUILT"",""HIMBO"":""N/A"",""OSL / B.O.O.B.I.E.S"":"""",""Other arousal"":"""",""VSU"":"""",""Heels"":""""}",https://staticdelivery.nexusmods.com/mods/1704/images/122169/122169-1718726680-1496717212.png,https://images.nexusmods.com/mod-images/1704/t/large/12/122169/122169-1718726680-1496717212.png,Existing category tag; verify against description if additional armor types are available.,NSFW
99,101,TRUE,TRUE,INCLUDE,Yokuda,Daymarr Yokuda - CBBE-UUNP SE,Daymarr,https://www.nexusmods.com/skyrimspecialedition/users/8194845,https://www.nexusmods.com/skyrimspecialedition/mods/142696,Fantastical,Light,FALSE,TRUE,FALSE,Female,Nature,FALSE,FALSE,L2 - Fur,"{""SMP"":"""",""3BA"":""PREBUILT"",""HIMBO"":""N/A"",""OSL / B.O.O.B.I.E.S"":"""",""Other arousal"":"""",""VSU"":"""",""Heels"":""""}",https://staticdelivery.nexusmods.com/mods/1704/images/142696/142696-1740367147-633302536.png,https://staticdelivery.nexusmods.com/mods/1704/images/142696/142696-1740367147-633302536.png,Existing category tag; verify against description if additional armor types are available.,NSFW
285,288,TRUE,TRUE,INCLUDE,Zamorian Thief,Obi's Zamorian Thief 3BA UBE BHUNP 4K SMP,Obicnii,https://www.nexusmods.com/skyrimspecialedition/users/59154696,https://www.nexusmods.com/skyrimspecialedition/mods/168091,Grounded,Light,FALSE,TRUE,FALSE,Female,Assassin,FALSE,TRUE,Unassigned,"{""SMP"":"""",""3BA"":"""",""HIMBO"":"""",""OSL / B.O.O.B.I.E.S"":"""",""Other arousal"":"""",""VSU"":"""",""Heels"":""""}",https://staticdelivery.nexusmods.com/mods/1704/images/168091/168091-1766762582-1841655225.png,https://staticdelivery.nexusmods.com/mods/1704/images/168091/168091-1766762582-1841655225.png,Existing category tag; verify against description if additional armor types are available.,NSFW
173,175,TRUE,TRUE,INCLUDE,ZK Rogue,ZK Rogue 3BA,Ellxe,https://www.nexusmods.com/skyrimspecialedition/users/31116590,https://www.nexusmods.com/skyrimspecialedition/mods/123311,Grounded,Light,FALSE,TRUE,FALSE,Female,Assassin,FALSE,TRUE,Unassigned,"{""SMP"":"""",""3BA"":"""",""HIMBO"":"""",""OSL / B.O.O.B.I.E.S"":"""",""Other arousal"":"""",""VSU"":"""",""Heels"":""""}",https://staticdelivery.nexusmods.com/mods/1704/images/123311/123311-1720074410-1725418012.png,https://staticdelivery.nexusmods.com/mods/1704/images/123311/123311-1720074410-1725418012.png,Existing category tag; verify against description if additional armor types are available.,NSFW